var_name,var_dec,item_dec
id,V1,ResponseID
time_start,V8,StartDate
time_end,V9,EndDate
agree,Q1,社会意識に関するアンケート この度は、「社会意識に関するアンケート調査」にご参加くださり、誠にありがとうございます。   調査の概要   この調査では、いくつかの質問に回答していただきます。回答...
friendship_*,Q2_8,ある国に対する好感度をお尋ねします。ここでは、まったく好感を抱いていない状態を「0」、とても好感を抱いている状態を「100」とそれぞれ定義するとします。そのような0から100の目盛りを用いたとき...-中国
friendship_*,Q2_9,ある国に対する好感度をお尋ねします。ここでは、まったく好感を抱いていない状態を「0」、とても好感を抱いている状態を「100」とそれぞれ定義するとします。そのような0から100の目盛りを用いたとき...-フランス
friendship_*,Q2_10,ある国に対する好感度をお尋ねします。ここでは、まったく好感を抱いていない状態を「0」、とても好感を抱いている状態を「100」とそれぞれ定義するとします。そのような0から100の目盛りを用いたとき...-韓国
friendship_*,Q2_11,ある国に対する好感度をお尋ねします。ここでは、まったく好感を抱いていない状態を「0」、とても好感を抱いている状態を「100」とそれぞれ定義するとします。そのような0から100の目盛りを用いたとき...-イギリス
friendship_*,Q2_12,ある国に対する好感度をお尋ねします。ここでは、まったく好感を抱いていない状態を「0」、とても好感を抱いている状態を「100」とそれぞれ定義するとします。そのような0から100の目盛りを用いたとき...-アメリカ合衆国
friendship_*,Q2_13,ある国に対する好感度をお尋ねします。ここでは、まったく好感を抱いていない状態を「0」、とても好感を抱いている状態を「100」とそれぞれ定義するとします。そのような0から100の目盛りを用いたとき...-ロシア
friendship_*,Q2_14,ある国に対する好感度をお尋ねします。ここでは、まったく好感を抱いていない状態を「0」、とても好感を抱いている状態を「100」とそれぞれ定義するとします。そのような0から100の目盛りを用いたとき...-インド
friendship_*,Q2_15,ある国に対する好感度をお尋ねします。ここでは、まったく好感を抱いていない状態を「0」、とても好感を抱いている状態を「100」とそれぞれ定義するとします。そのような0から100の目盛りを用いたとき...-8. オーストラリア
use_of_force,Q3,次の文章についてあなたはどう感じますか？　同意しますか。同意しませんか。   「国際政治では国家の国益を守るために、たびたび軍事力を用いることが必要になる」   ...
hawk_dove,Q4,あなたは、ご自身をいわゆる「タカ派」だと考えますか？　または、いわゆる「ハト派」だと考えますか？   ここでタカ派とは、国家安全保障のためにたびたび軍事力の行使が必要だと考える人のことを指します...
tv_news,Q5,あなたは、テレビでニュースをどれくらい見ますか。この中から１つだけお選びください。...
np_news,Q6,あなたは、新聞をどれくらい読みますか（インターネット記事も含む）。この中から１つだけお選びください。...
web_news_*,Q7_1,あなたはふだん、以下のことをどの程度していますか。この中から1つずつお選びください。...-ポータルサイト（Yahoo!など）で政治ニュースを見る
web_news_*,Q7_2,あなたはふだん、以下のことをどの程度していますか。この中から1つずつお選びください。...-ソーシャルネットワークサービス(SNS)や電子掲示板などの政治関係の投稿を読む
web_news_*,Q7_3,あなたはふだん、以下のことをどの程度していますか。この中から1つずつお選びください。...-ソーシャルネットワークサービス(SNS)や電子掲示板などで政治について発言する
np_*,Q8_1,あなたがふだん、政治についての情報を見たり聞いたりする新聞はどれですか。あてはまるものをすべて選択してください。...-朝日新聞
np_*,Q8_2,あなたがふだん、政治についての情報を見たり聞いたりする新聞はどれですか。あてはまるものをすべて選択してください。...-読売新聞
np_*,Q8_3,あなたがふだん、政治についての情報を見たり聞いたりする新聞はどれですか。あてはまるものをすべて選択してください。...-毎日新聞
np_*,Q8_4,あなたがふだん、政治についての情報を見たり聞いたりする新聞はどれですか。あてはまるものをすべて選択してください。...-日本経済新聞
np_*,Q8_5,あなたがふだん、政治についての情報を見たり聞いたりする新聞はどれですか。あてはまるものをすべて選択してください。...-産経新聞
np_*,Q8_6,あなたがふだん、政治についての情報を見たり聞いたりする新聞はどれですか。あてはまるものをすべて選択してください。...-東京新聞・中日新聞・北海道新聞・河北新報・北陸中日新聞・京都新聞・神戸新聞・中国新聞・西日本新聞などの地方新聞
np_*,Q8_7,あなたがふだん、政治についての情報を見たり聞いたりする新聞はどれですか。あてはまるものをすべて選択してください。...-その他の新聞
np_*,Q8_8,あなたがふだん、政治についての情報を見たり聞いたりする新聞はどれですか。あてはまるものをすべて選択してください。...-新聞は読んでいない
tv_A_*,Q10_1,平日の午前中-おはよう日本
tv_A_*,Q10_2,平日の午前中-ZIP！
tv_A_*,Q10_3,平日の午前中-グッド！モーニング
tv_A_*,Q10_4,平日の午前中-あさチャン！
tv_A_*,Q10_5,平日の午前中-ニュースモーニングサテライト
tv_A_*,Q10_6,平日の午前中-めざましテレビ
tv_A_*,Q10_7,平日の午前中-スッキリ！！
tv_A_*,Q10_8,平日の午前中-モーニングショー
tv_A_*,Q10_9,平日の午前中-とくダネ！
tv_A_*,Q10_10,平日の午前中-あさイチ
tv_A_*,Q10_11,平日の午前中-白熱ライブ ビビット
tv_A_*,Q10_12,平日の午前中-ノンストップ！
tv_A_*,Q10_13,平日の午前中-NNNストレイトニュース
tv_A_*,Q10_14,平日の午前中-ワイド！スクランブル
tv_A_*,Q10_16,平日の午前中-平日午前の番組は見聞きしていない
tv_B_*,Q12_1,平日昼・夕方-ヒルナンデス！
tv_B_*,Q12_2,平日昼・夕方-バイキング
tv_B_*,Q12_3,平日昼・夕方-ひるおび！
tv_B_*,Q12_4,平日昼・夕方-情報ライブ ミヤネ屋
tv_B_*,Q12_5,平日昼・夕方-直撃LIVE グッディ！
tv_B_*,Q12_6,平日昼・夕方-news　every.
tv_B_*,Q12_7,平日昼・夕方-スーパーＪチャンネル
tv_B_*,Q12_8,平日昼・夕方-Nスタ
tv_B_*,Q12_9,平日昼・夕方-ゆうがたサテライト
tv_B_*,Q12_10,平日昼・夕方-みんなのニュース
tv_B_*,Q12_11,平日昼・夕方-平日昼・夕方の番組は見聞きしていない
tv_C_*,Q14_1,平日の夜-NHKニュース7
tv_C_*,Q14_2,平日の夜-クローズアップ現代＋
tv_C_*,Q14_3,平日の夜-ニュースウォッチ9
tv_C_*,Q14_4,平日の夜-報道ステーション
tv_C_*,Q14_5,平日の夜-NEWS ZERO
tv_C_*,Q14_6,平日の夜-NEWS 23
tv_C_*,Q14_7,平日の夜-ワールドビジネスサテライト
tv_C_*,Q14_8,平日の夜-FNNプライムニュース α
tv_C_*,Q14_9,平日の夜-平日夜の番組は見聞きしていない
tv_D_*,Q16_1,土日-上田晋也のサタデージャーナル
tv_D_*,Q16_2,土日-めざましどようび
tv_D_*,Q16_3,土日-ウェークアップ！ぷらす
tv_D_*,Q16_5,土日-サタデープラス
tv_D_*,Q16_6,土日-TXNニュース
tv_D_*,Q16_7,土日-報道特集
tv_D_*,Q16_8,土日-情報7daysニュースキャスター
tv_D_*,Q16_9,土日-新報道2001
tv_D_*,Q16_11,土日-シューイチ
tv_D_*,Q16_12,土日-サンデーモーニング
tv_D_*,Q16_13,土日-日曜討論
tv_D_*,Q16_14,土日-スーパーJチャンネル
tv_D_*,Q16_15,土日-サンデーLIVE!!
tv_D_*,Q16_16,土日-サンデージャポン
tv_D_*,Q16_17,土日-真相報道バンキシャ！
tv_D_*,Q16_18,土日-Mr.サンデー
tv_D_*,Q16_19,土日-みんなのニュースWeekend
tv_D_*,Q16_20,土日-土日の番組は見聞きしていない
web_*,Q17_1,あなたがふだん、政治についての情報を見たり聞いたりするインターネット上のサイトやサービスはどれですか。あてはまるものをすべて選択してください。...-Yahoo JAPAN
web_*,Q17_2,あなたがふだん、政治についての情報を見たり聞いたりするインターネット上のサイトやサービスはどれですか。あてはまるものをすべて選択してください。...-MSN JAPAN
web_*,Q17_3,あなたがふだん、政治についての情報を見たり聞いたりするインターネット上のサイトやサービスはどれですか。あてはまるものをすべて選択してください。...-livedoor
web_*,Q17_4,あなたがふだん、政治についての情報を見たり聞いたりするインターネット上のサイトやサービスはどれですか。あてはまるものをすべて選択してください。...-Goo
web_*,Q17_5,あなたがふだん、政治についての情報を見たり聞いたりするインターネット上のサイトやサービスはどれですか。あてはまるものをすべて選択してください。...-Twitter
web_*,Q17_6,あなたがふだん、政治についての情報を見たり聞いたりするインターネット上のサイトやサービスはどれですか。あてはまるものをすべて選択してください。...-Facebook
web_*,Q17_7,あなたがふだん、政治についての情報を見たり聞いたりするインターネット上のサイトやサービスはどれですか。あてはまるものをすべて選択してください。...-LINE
web_*,Q17_8,あなたがふだん、政治についての情報を見たり聞いたりするインターネット上のサイトやサービスはどれですか。あてはまるものをすべて選択してください。...-Instagram
web_*,Q17_9,あなたがふだん、政治についての情報を見たり聞いたりするインターネット上のサイトやサービスはどれですか。あてはまるものをすべて選択してください。...-Youtube
web_*,Q17_10,あなたがふだん、政治についての情報を見たり聞いたりするインターネット上のサイトやサービスはどれですか。あてはまるものをすべて選択してください。...-ニコニコ動画
web_*,Q17_11,あなたがふだん、政治についての情報を見たり聞いたりするインターネット上のサイトやサービスはどれですか。あてはまるものをすべて選択してください。...-Naverまとめ
web_*,Q17_12,あなたがふだん、政治についての情報を見たり聞いたりするインターネット上のサイトやサービスはどれですか。あてはまるものをすべて選択してください。...-5ちゃんねる(2ちゃんねる)
web_*,Q17_13,あなたがふだん、政治についての情報を見たり聞いたりするインターネット上のサイトやサービスはどれですか。あてはまるものをすべて選択してください。...-5ちゃんねる(2ちゃんねる)まとめサイト
web_*,Q17_14,あなたがふだん、政治についての情報を見たり聞いたりするインターネット上のサイトやサービスはどれですか。あてはまるものをすべて選択してください。...-SmartNews
web_*,Q17_15,あなたがふだん、政治についての情報を見たり聞いたりするインターネット上のサイトやサービスはどれですか。あてはまるものをすべて選択してください。...-グノシー
web_*,Q17_16,あなたがふだん、政治についての情報を見たり聞いたりするインターネット上のサイトやサービスはどれですか。あてはまるものをすべて選択してください。...-NewsPicks
web_*,Q17_17,あなたがふだん、政治についての情報を見たり聞いたりするインターネット上のサイトやサービスはどれですか。あてはまるものをすべて選択してください。...-政党のサイト
web_*,Q17_18,あなたがふだん、政治についての情報を見たり聞いたりするインターネット上のサイトやサービスはどれですか。あてはまるものをすべて選択してください。...-新聞社のサイト
web_*,Q17_19,あなたがふだん、政治についての情報を見たり聞いたりするインターネット上のサイトやサービスはどれですか。あてはまるものをすべて選択してください。...-どれも利用していない
know_event,Q19,12月20日、わが国の防衛省は韓国海軍の駆逐艦が海上自衛隊の哨戒機に対して火器管制レーダーを照射したと発表しました。あなたは、この事件について聞いたことがありましたか。...
fact_*,Q20_1,あなたは、今回の事件に関わる以下の項目について事実だと考えますか。あてはまるものを選んで下さい。...-韓国の艦艇は火器管制レーダーを照射した
fact_*,Q20_2,あなたは、今回の事件に関わる以下の項目について事実だと考えますか。あてはまるものを選んで下さい。...-韓国の艦艇は北朝鮮の船舶を探索中であった
fact_*,Q20_3,あなたは、今回の事件に関わる以下の項目について事実だと考えますか。あてはまるものを選んで下さい。...-日本政府は韓国側に再発防止を強く要請した
fact_*,Q20_4,あなたは、今回の事件に関わる以下の項目について事実だと考えますか。あてはまるものを選んで下さい。...-レーダーは一定時間継続して複数回照射された
fact_*,Q20_5,あなたは、今回の事件に関わる以下の項目について事実だと考えますか。あてはまるものを選んで下さい。...-海上自衛隊機は韓国艦艇の上空を低空で飛行していた
fact_*,Q20_6,あなたは、今回の事件に関わる以下の項目について事実だと考えますか。あてはまるものを選んで下さい。...-海上自衛隊機は韓国艦艇に無線で呼びかけた
fact_*,Q20_7,あなたは、今回の事件に関わる以下の項目について事実だと考えますか。あてはまるものを選んで下さい。...-この事件は日本の排他的経済水域内で起こった
fact_*,Q20_8,あなたは、今回の事件に関わる以下の項目について事実だと考えますか。あてはまるものを選んで下さい。...-レーダーの照射は射撃を前提とする行為であった
fact_*,Q20_9,あなたは、今回の事件に関わる以下の項目について事実だと考えますか。あてはまるものを選んで下さい。...-海上自衛隊機による国際法違反があった
fact_*,Q20_10,あなたは、今回の事件に関わる以下の項目について事実だと考えますか。あてはまるものを選んで下さい。...-この事件は韓国の領海内で起こった
fact_*,Q20_11,あなたは、今回の事件に関わる以下の項目について事実だと考えますか。あてはまるものを選んで下さい。...-日本政府は韓国側に謝罪を要求した
jpn_gov_*,Q21_1,今回の事件における日本側の対応について、あなたの意見にもっとも近いものを一つずつ選んでください。...-海上自衛隊機の行動を支持する
jpn_gov_*,Q21_2,今回の事件における日本側の対応について、あなたの意見にもっとも近いものを一つずつ選んでください。...-防衛省による韓国政府への抗議を支持する
jpn_gov_*,Q21_3,今回の事件における日本側の対応について、あなたの意見にもっとも近いものを一つずつ選んでください。...-安倍首相が沈黙を守っていることを支持する
jpn_gov_*,Q21_4,今回の事件における日本側の対応について、あなたの意見にもっとも近いものを一つずつ選んでください。...-海上自衛隊機の行動には正当性がある
jpn_gov_*,Q21_5,今回の事件における日本側の対応について、あなたの意見にもっとも近いものを一つずつ選んでください。...-日本政府は何かを隠している
rok_gov_*,Q22_1,今回の事件における韓国側の対応について、あなたの意見にもっとも近いものを一つずつ選んでください。...-韓国海軍艦艇の行動を支持する
rok_gov_*,Q22_2,今回の事件における韓国側の対応について、あなたの意見にもっとも近いものを一つずつ選んでください。...-韓国国防省の「誤解がないよう十分に説明したい」という声明を支持する
rok_gov_*,Q22_3,今回の事件における韓国側の対応について、あなたの意見にもっとも近いものを一つずつ選んでください。...-文大統領が沈黙を守っていることを支持する
rok_gov_*,Q22_4,今回の事件における韓国側の対応について、あなたの意見にもっとも近いものを一つずつ選んでください。...-韓国海軍艦艇の行動には正当性がある
rok_gov_*,Q22_5,今回の事件における韓国側の対応について、あなたの意見にもっとも近いものを一つずつ選んでください。...-韓国政府は何かを隠している
policy_*,Q23_1,あなたは、日本と韓国は今回のようなレーダー照射事件のような事案がおきたときに、どうしたらよかったと考えますか。それぞれの可能性について、もっともあなたの考えに近いものを一つだけ選んでください。...-必ずしも国民に公開せずに外交当局の間で解決すべきだった
policy_*,Q23_2,あなたは、日本と韓国は今回のようなレーダー照射事件のような事案がおきたときに、どうしたらよかったと考えますか。それぞれの可能性について、もっともあなたの考えに近いものを一つだけ選んでください。...-必ずしも国民に公開せずに自衛隊と韓国軍の間で解決すべきだった
policy_*,Q23_3,あなたは、日本と韓国は今回のようなレーダー照射事件のような事案がおきたときに、どうしたらよかったと考えますか。それぞれの可能性について、もっともあなたの考えに近いものを一つだけ選んでください。...-首脳間の話し合いで解決すべきだった
policy_*,Q23_4,あなたは、日本と韓国は今回のようなレーダー照射事件のような事案がおきたときに、どうしたらよかったと考えますか。それぞれの可能性について、もっともあなたの考えに近いものを一つだけ選んでください。...-韓国が誤りを認めて謝罪すべきだった
policy_*,Q23_5,あなたは、日本と韓国は今回のようなレーダー照射事件のような事案がおきたときに、どうしたらよかったと考えますか。それぞれの可能性について、もっともあなたの考えに近いものを一つだけ選んでください。...-日本が抑制的に対応し、韓国を非難すべきではなかった
policy_*,Q23_6,あなたは、日本と韓国は今回のようなレーダー照射事件のような事案がおきたときに、どうしたらよかったと考えますか。それぞれの可能性について、もっともあなたの考えに近いものを一つだけ選んでください。...-日本が自衛隊の対処基準を見直してレーダー照射に対しては即座に威嚇などを行い、韓国の行為をやめさせるべきだった
policy_*,Q23_7,あなたは、日本と韓国は今回のようなレーダー照射事件のような事案がおきたときに、どうしたらよかったと考えますか。それぞれの可能性について、もっともあなたの考えに近いものを一つだけ選んでください。...-米国政府や米軍のような第三者に調査・介入してもらい解決すべきだった
policy_*,Q23_8,あなたは、日本と韓国は今回のようなレーダー照射事件のような事案がおきたときに、どうしたらよかったと考えますか。それぞれの可能性について、もっともあなたの考えに近いものを一つだけ選んでください。...-国連のような第三者に調査・介入してもらい解決すべきだった
policy_*,Q23_9,あなたは、日本と韓国は今回のようなレーダー照射事件のような事案がおきたときに、どうしたらよかったと考えますか。それぞれの可能性について、もっともあなたの考えに近いものを一つだけ選んでください。...-日本が韓国側のレーダー照射についての明確な証拠を見せるべきだった
critical_*,Q24_1,次に書かれている項目の内容は、あなたにどの程度当てはまると思いますか。それぞれの項目について、自分が当てはまると思うものを選んで下さい。...-いつも偏りのない判断をしようとする
critical_*,Q24_2,次に書かれている項目の内容は、あなたにどの程度当てはまると思いますか。それぞれの項目について、自分が当てはまると思うものを選んで下さい。...-物事を見るときに自分の立場からしか見ない
critical_*,Q24_3,次に書かれている項目の内容は、あなたにどの程度当てはまると思いますか。それぞれの項目について、自分が当てはまると思うものを選んで下さい。...-物事を決めるときには、客観的な態度を心がける
critical_*,Q24_4,次に書かれている項目の内容は、あなたにどの程度当てはまると思いますか。それぞれの項目について、自分が当てはまると思うものを選んで下さい。...-一つ二つの立場だけではなく、できるだけ多くの立場から考えようとする
critical_*,Q24_6,次に書かれている項目の内容は、あなたにどの程度当てはまると思いますか。それぞれの項目について、自分が当てはまると思うものを選んで下さい。...-自分が無意識のうちに偏った見方をしていないかふりかえるようにしている
critical_*,Q24_7,次に書かれている項目の内容は、あなたにどの程度当てはまると思いますか。それぞれの項目について、自分が当てはまると思うものを選んで下さい。...-自分の意見について話し合う時には、私は中立の立場ではいられない
critical_*,Q24_8,次に書かれている項目の内容は、あなたにどの程度当てはまると思いますか。それぞれの項目について、自分が当てはまると思うものを選んで下さい。...-この質問はややあてはまるをお選びください
critical_*,Q24_9,次に書かれている項目の内容は、あなたにどの程度当てはまると思いますか。それぞれの項目について、自分が当てはまると思うものを選んで下さい。...-たとえ意見が合わない人の話にも耳をかたむける
critical_*,Q24_10,次に書かれている項目の内容は、あなたにどの程度当てはまると思いますか。それぞれの項目について、自分が当てはまると思うものを選んで下さい。...-結論をくだす場合には、確たる証拠の有無にこだわる
critical_*,Q24_11,次に書かれている項目の内容は、あなたにどの程度当てはまると思いますか。それぞれの項目について、自分が当てはまると思うものを選んで下さい。...-判断をくだす際は、できるだけ多くの事実や証拠を調べる
critical_*,Q24_12,次に書かれている項目の内容は、あなたにどの程度当てはまると思いますか。それぞれの項目について、自分が当てはまると思うものを選んで下さい。...-何事も、少しも疑わずに信じ込んだりはしない
sdo_*,Q25_1,以下の文章を読んで、それぞれの主張にどれくらい同意するか、あるいは賛成するかを、1から7の数字を選んで答えてください。あまり深く考えないで、直感的に答えてください。...-ある種の人たちは他の集団の人たちよりも良い扱いを受けるに値する
sdo_*,Q25_2,以下の文章を読んで、それぞれの主張にどれくらい同意するか、あるいは賛成するかを、1から7の数字を選んで答えてください。あまり深く考えないで、直感的に答えてください。...-自分たちが欲しいものを手に入れるためには、他の集団に対して力をふるわなければならないこともある
sdo_*,Q25_3,以下の文章を読んで、それぞれの主張にどれくらい同意するか、あるいは賛成するかを、1から7の数字を選んで答えてください。あまり深く考えないで、直感的に答えてください。...-ある種の人たちが他の集団と比べて人生のチャンスに恵まれているとしても、それはそれでかまわない
sdo_*,Q25_4,以下の文章を読んで、それぞれの主張にどれくらい同意するか、あるいは賛成するかを、1から7の数字を選んで答えてください。あまり深く考えないで、直感的に答えてください。...-人生で成功するためには、時として他の集団の人たちを踏み台にすることが必要だ
sdo_*,Q25_5,以下の文章を読んで、それぞれの主張にどれくらい同意するか、あるいは賛成するかを、1から7の数字を選んで答えてください。あまり深く考えないで、直感的に答えてください。...-ある種の人たちの集団が身のほどをわきまえていたら、世の中の色々な問題は起こらないで済むだろう
sdo_*,Q25_6,以下の文章を読んで、それぞれの主張にどれくらい同意するか、あるいは賛成するかを、1から7の数字を選んで答えてください。あまり深く考えないで、直感的に答えてください。...-ある種の人たちが上に立って、他の集団が下にいるのは、おそらくよいことだ
sdo_*,Q25_7,以下の文章を読んで、それぞれの主張にどれくらい同意するか、あるいは賛成するかを、1から7の数字を選んで答えてください。あまり深く考えないで、直感的に答えてください。...-劣った人たちの集団は、自分たちの立場をわきまえるべきである
sdo_*,Q25_8,以下の文章を読んで、それぞれの主張にどれくらい同意するか、あるいは賛成するかを、1から7の数字を選んで答えてください。あまり深く考えないで、直感的に答えてください。...-他の集団の人たちを現状に押しとどめておくべき場合がある
sdo_*,Q25_9,以下の文章を読んで、それぞれの主張にどれくらい同意するか、あるいは賛成するかを、1から7の数字を選んで答えてください。あまり深く考えないで、直感的に答えてください。...-全ての集団が平等になれたら良い
sdo_*,Q25_10,以下の文章を読んで、それぞれの主張にどれくらい同意するか、あるいは賛成するかを、1から7の数字を選んで答えてください。あまり深く考えないで、直感的に答えてください。...-私たちは集団間の平等を理想とすべきだ
sdo_*,Q25_11,以下の文章を読んで、それぞれの主張にどれくらい同意するか、あるいは賛成するかを、1から7の数字を選んで答えてください。あまり深く考えないで、直感的に答えてください。...-すべての人たちの集団は人生のチャンスを等しく与えられるべきだ
sdo_*,Q25_12,以下の文章を読んで、それぞれの主張にどれくらい同意するか、あるいは賛成するかを、1から7の数字を選んで答えてください。あまり深く考えないで、直感的に答えてください。...-色々な集団が置かれた条件を等しくするために、私達はできるだけのことをすべきである
sdo_*,Q25_13,以下の文章を読んで、それぞれの主張にどれくらい同意するか、あるいは賛成するかを、1から7の数字を選んで答えてください。あまり深く考えないで、直感的に答えてください。...-私たちは社会的平等を目指すべきである
sdo_*,Q25_14,以下の文章を読んで、それぞれの主張にどれくらい同意するか、あるいは賛成するかを、1から7の数字を選んで答えてください。あまり深く考えないで、直感的に答えてください。...-もし私たちが色んな集団をもっと平等に扱ってきたら、私たちの問題はもっと少なくなるだろう
sdo_*,Q25_15,以下の文章を読んで、それぞれの主張にどれくらい同意するか、あるいは賛成するかを、1から7の数字を選んで答えてください。あまり深く考えないで、直感的に答えてください。...-私たちは収入の平等をさらに目指すべきである
sdo_*,Q25_16,以下の文章を読んで、それぞれの主張にどれくらい同意するか、あるいは賛成するかを、1から7の数字を選んで答えてください。あまり深く考えないで、直感的に答えてください。...-どんな集団も社会において支配的地位を独占するべきではない
ideology,Q26,政治に関して、ときどき、「保守、革新（＝リベラル）」という表現をすることがあります。０が「革新」を意味し 10 が「保守」を意味するとします。たとえば、ちょうど中間くらいの立場のときには5を選ん...
party,Q27,選挙における投票は別として、あなたはふだん、どの政党を支持していますか。一つだけ選んでください。...
age,Q28_65,あなたは、西暦何年生まれですか？-西暦
gender,Q29,あなたの性別は、どちらですか？
educ,Q30,あなたが最後に卒業した（あるいは現在、在学中の）学校は、次のうちどれでしょうか？...
job,Q31,あなたはふだん仕事（自家営業の手伝いや内職・アルバイトなども含みます）をしていますか...
work_hour,Q32,あなたがふだん1週間に仕事をしている時間に一番近いものを選んでください...
lat,LocationLatitude,LocationLatitude
lon,LocationLongitude,LocationLongitude
