var_name,item_dec,var_dec
id,ResponseID,V1
time_start,StartDate,V8
time_end,EndDate,V9
agree,社会意識に関するアンケート この度は、「社会意識に関するアンケート調査」にご参加くださり、誠にありがとうございます。   調査の概要   この調査では、いくつかの質問に回答していただきます。回答...,Q1
use_of_force,次の文章についてあなたはどう感じますか？　同意しますか。同意しませんか。   「国際政治では国家の国益を守るために、たびたび軍事力を用いることが必要になる」   ...,Q3
hawk_dove,あなたは、ご自身をいわゆる「タカ派」だと考えますか？　または、いわゆる「ハト派」だと考えますか？   ここでタカ派とは、国家安全保障のためにたびたび軍事力の行使が必要だと考える人のことを指します...,Q4
tv_news,あなたは、テレビでニュースをどれくらい見ますか。この中から１つだけお選びください。...,Q5
np_news,あなたは、新聞をどれくらい読みますか（インターネット記事も含む）。この中から１つだけお選びください。...,Q6
know_event,12月20日、わが国の防衛省は韓国海軍の駆逐艦が海上自衛隊の哨戒機に対して火器管制レーダーを照射したと発表しました。あなたは、この事件について聞いたことがありましたか。...,Q19
ideology,政治に関して、ときどき、「保守、革新（＝リベラル）」という表現をすることがあります。０が「革新」を意味し 10 が「保守」を意味するとします。たとえば、ちょうど中間くらいの立場のときには5を選ん...,Q26
party,選挙における投票は別として、あなたはふだん、どの政党を支持していますか。一つだけ選んでください。...,Q27
age,あなたは、西暦何年生まれですか？-西暦,Q28_65
gender,あなたの性別は、どちらですか？,Q29
educ,あなたが最後に卒業した（あるいは現在、在学中の）学校は、次のうちどれでしょうか？...,Q30
job,あなたはふだん仕事（自家営業の手伝いや内職・アルバイトなども含みます）をしていますか...,Q31
work_hour,あなたがふだん1週間に仕事をしている時間に一番近いものを選んでください...,Q32
lat,LocationLatitude,LocationLatitude
lon,LocationLongitude,LocationLongitude
friendship_8,ある国に対する好感度をお尋ねします。ここでは、まったく好感を抱いていない状態を「0」、とても好感を抱いている状態を「100」とそれぞれ定義するとします。そのような0から100の目盛りを用いたとき...-中国,Q2_8
friendship_9,ある国に対する好感度をお尋ねします。ここでは、まったく好感を抱いていない状態を「0」、とても好感を抱いている状態を「100」とそれぞれ定義するとします。そのような0から100の目盛りを用いたとき...-フランス,Q2_9
friendship_10,ある国に対する好感度をお尋ねします。ここでは、まったく好感を抱いていない状態を「0」、とても好感を抱いている状態を「100」とそれぞれ定義するとします。そのような0から100の目盛りを用いたとき...-韓国,Q2_10
friendship_11,ある国に対する好感度をお尋ねします。ここでは、まったく好感を抱いていない状態を「0」、とても好感を抱いている状態を「100」とそれぞれ定義するとします。そのような0から100の目盛りを用いたとき...-イギリス,Q2_11
friendship_12,ある国に対する好感度をお尋ねします。ここでは、まったく好感を抱いていない状態を「0」、とても好感を抱いている状態を「100」とそれぞれ定義するとします。そのような0から100の目盛りを用いたとき...-アメリカ合衆国,Q2_12
friendship_13,ある国に対する好感度をお尋ねします。ここでは、まったく好感を抱いていない状態を「0」、とても好感を抱いている状態を「100」とそれぞれ定義するとします。そのような0から100の目盛りを用いたとき...-ロシア,Q2_13
friendship_14,ある国に対する好感度をお尋ねします。ここでは、まったく好感を抱いていない状態を「0」、とても好感を抱いている状態を「100」とそれぞれ定義するとします。そのような0から100の目盛りを用いたとき...-インド,Q2_14
friendship_15,ある国に対する好感度をお尋ねします。ここでは、まったく好感を抱いていない状態を「0」、とても好感を抱いている状態を「100」とそれぞれ定義するとします。そのような0から100の目盛りを用いたとき...-8. オーストラリア,Q2_15
web_news_1,あなたはふだん、以下のことをどの程度していますか。この中から1つずつお選びください。...-ポータルサイト（Yahoo!など）で政治ニュースを見る,Q7_1
web_news_2,あなたはふだん、以下のことをどの程度していますか。この中から1つずつお選びください。...-ソーシャルネットワークサービス(SNS)や電子掲示板などの政治関係の投稿を読む,Q7_2
web_news_3,あなたはふだん、以下のことをどの程度していますか。この中から1つずつお選びください。...-ソーシャルネットワークサービス(SNS)や電子掲示板などで政治について発言する,Q7_3
np_1,あなたがふだん、政治についての情報を見たり聞いたりする新聞はどれですか。あてはまるものをすべて選択してください。...-朝日新聞,Q8_1
np_2,あなたがふだん、政治についての情報を見たり聞いたりする新聞はどれですか。あてはまるものをすべて選択してください。...-読売新聞,Q8_2
np_3,あなたがふだん、政治についての情報を見たり聞いたりする新聞はどれですか。あてはまるものをすべて選択してください。...-毎日新聞,Q8_3
np_4,あなたがふだん、政治についての情報を見たり聞いたりする新聞はどれですか。あてはまるものをすべて選択してください。...-日本経済新聞,Q8_4
np_5,あなたがふだん、政治についての情報を見たり聞いたりする新聞はどれですか。あてはまるものをすべて選択してください。...-産経新聞,Q8_5
np_6,あなたがふだん、政治についての情報を見たり聞いたりする新聞はどれですか。あてはまるものをすべて選択してください。...-東京新聞・中日新聞・北海道新聞・河北新報・北陸中日新聞・京都新聞・神戸新聞・中国新聞・西日本新聞などの地方新聞,Q8_6
np_7,あなたがふだん、政治についての情報を見たり聞いたりする新聞はどれですか。あてはまるものをすべて選択してください。...-その他の新聞,Q8_7
np_8,あなたがふだん、政治についての情報を見たり聞いたりする新聞はどれですか。あてはまるものをすべて選択してください。...-新聞は読んでいない,Q8_8
tv_A_1,平日の午前中-おはよう日本,Q10_1
tv_A_2,平日の午前中-ZIP！,Q10_2
tv_A_3,平日の午前中-グッド！モーニング,Q10_3
tv_A_4,平日の午前中-あさチャン！,Q10_4
tv_A_5,平日の午前中-ニュースモーニングサテライト,Q10_5
tv_A_6,平日の午前中-めざましテレビ,Q10_6
tv_A_7,平日の午前中-スッキリ！！,Q10_7
tv_A_8,平日の午前中-モーニングショー,Q10_8
tv_A_9,平日の午前中-とくダネ！,Q10_9
tv_A_10,平日の午前中-あさイチ,Q10_10
tv_A_11,平日の午前中-白熱ライブ ビビット,Q10_11
tv_A_12,平日の午前中-ノンストップ！,Q10_12
tv_A_13,平日の午前中-NNNストレイトニュース,Q10_13
tv_A_14,平日の午前中-ワイド！スクランブル,Q10_14
tv_A_16,平日の午前中-平日午前の番組は見聞きしていない,Q10_16
tv_B_1,平日昼・夕方-ヒルナンデス！,Q12_1
tv_B_2,平日昼・夕方-バイキング,Q12_2
tv_B_3,平日昼・夕方-ひるおび！,Q12_3
tv_B_4,平日昼・夕方-情報ライブ ミヤネ屋,Q12_4
tv_B_5,平日昼・夕方-直撃LIVE グッディ！,Q12_5
tv_B_6,平日昼・夕方-news　every.,Q12_6
tv_B_7,平日昼・夕方-スーパーＪチャンネル,Q12_7
tv_B_8,平日昼・夕方-Nスタ,Q12_8
tv_B_9,平日昼・夕方-ゆうがたサテライト,Q12_9
tv_B_10,平日昼・夕方-みんなのニュース,Q12_10
tv_B_12,平日昼・夕方-平日昼・夕方の番組は見聞きしていない,Q12_11
tv_C_1,平日の夜-NHKニュース7,Q14_1
tv_C_2,平日の夜-クローズアップ現代＋,Q14_2
tv_C_3,平日の夜-ニュースウォッチ9,Q14_3
tv_C_4,平日の夜-報道ステーション,Q14_4
tv_C_5,平日の夜-NEWS ZERO,Q14_5
tv_C_6,平日の夜-NEWS 23,Q14_6
tv_C_7,平日の夜-ワールドビジネスサテライト,Q14_7
tv_C_8,平日の夜-FNNプライムニュース α,Q14_8
tv_C_10,平日の夜-平日夜の番組は見聞きしていない,Q14_9
tv_D_1,土日-上田晋也のサタデージャーナル,Q16_1
tv_D_2,土日-めざましどようび,Q16_2
tv_D_3,土日-ウェークアップ！ぷらす,Q16_3
tv_D_5,土日-サタデープラス,Q16_5
tv_D_6,土日-TXNニュース,Q16_6
tv_D_7,土日-報道特集,Q16_7
tv_D_8,土日-情報7daysニュースキャスター,Q16_8
tv_D_9,土日-新報道2001,Q16_9
tv_D_11,土日-シューイチ,Q16_11
tv_D_12,土日-サンデーモーニング,Q16_12
tv_D_13,土日-日曜討論,Q16_13
tv_D_14,土日-スーパーJチャンネル,Q16_14
tv_D_15,土日-サンデーLIVE!!,Q16_15
tv_D_16,土日-サンデージャポン,Q16_16
tv_D_17,土日-真相報道バンキシャ！,Q16_17
tv_D_18,土日-Mr.サンデー,Q16_18
tv_D_19,土日-みんなのニュースWeekend,Q16_19
tv_D_22,土日-土日の番組は見聞きしていない,Q16_20
web_1,あなたがふだん、政治についての情報を見たり聞いたりするインターネット上のサイトやサービスはどれですか。あてはまるものをすべて選択してください。...-Yahoo JAPAN,Q17_1
web_2,あなたがふだん、政治についての情報を見たり聞いたりするインターネット上のサイトやサービスはどれですか。あてはまるものをすべて選択してください。...-MSN JAPAN,Q17_2
web_3,あなたがふだん、政治についての情報を見たり聞いたりするインターネット上のサイトやサービスはどれですか。あてはまるものをすべて選択してください。...-livedoor,Q17_3
web_4,あなたがふだん、政治についての情報を見たり聞いたりするインターネット上のサイトやサービスはどれですか。あてはまるものをすべて選択してください。...-Goo,Q17_4
web_5,あなたがふだん、政治についての情報を見たり聞いたりするインターネット上のサイトやサービスはどれですか。あてはまるものをすべて選択してください。...-Twitter,Q17_5
web_6,あなたがふだん、政治についての情報を見たり聞いたりするインターネット上のサイトやサービスはどれですか。あてはまるものをすべて選択してください。...-Facebook,Q17_6
web_7,あなたがふだん、政治についての情報を見たり聞いたりするインターネット上のサイトやサービスはどれですか。あてはまるものをすべて選択してください。...-LINE,Q17_7
web_8,あなたがふだん、政治についての情報を見たり聞いたりするインターネット上のサイトやサービスはどれですか。あてはまるものをすべて選択してください。...-Instagram,Q17_8
web_9,あなたがふだん、政治についての情報を見たり聞いたりするインターネット上のサイトやサービスはどれですか。あてはまるものをすべて選択してください。...-Youtube,Q17_9
web_10,あなたがふだん、政治についての情報を見たり聞いたりするインターネット上のサイトやサービスはどれですか。あてはまるものをすべて選択してください。...-ニコニコ動画,Q17_10
web_11,あなたがふだん、政治についての情報を見たり聞いたりするインターネット上のサイトやサービスはどれですか。あてはまるものをすべて選択してください。...-Naverまとめ,Q17_11
web_12,あなたがふだん、政治についての情報を見たり聞いたりするインターネット上のサイトやサービスはどれですか。あてはまるものをすべて選択してください。...-5ちゃんねる(2ちゃんねる),Q17_12
web_13,あなたがふだん、政治についての情報を見たり聞いたりするインターネット上のサイトやサービスはどれですか。あてはまるものをすべて選択してください。...-5ちゃんねる(2ちゃんねる)まとめサイト,Q17_13
web_14,あなたがふだん、政治についての情報を見たり聞いたりするインターネット上のサイトやサービスはどれですか。あてはまるものをすべて選択してください。...-SmartNews,Q17_14
web_15,あなたがふだん、政治についての情報を見たり聞いたりするインターネット上のサイトやサービスはどれですか。あてはまるものをすべて選択してください。...-グノシー,Q17_15
web_16,あなたがふだん、政治についての情報を見たり聞いたりするインターネット上のサイトやサービスはどれですか。あてはまるものをすべて選択してください。...-NewsPicks,Q17_16
web_17,あなたがふだん、政治についての情報を見たり聞いたりするインターネット上のサイトやサービスはどれですか。あてはまるものをすべて選択してください。...-政党のサイト,Q17_17
web_18,あなたがふだん、政治についての情報を見たり聞いたりするインターネット上のサイトやサービスはどれですか。あてはまるものをすべて選択してください。...-新聞社のサイト,Q17_18
web_19,あなたがふだん、政治についての情報を見たり聞いたりするインターネット上のサイトやサービスはどれですか。あてはまるものをすべて選択してください。...-どれも利用していない,Q17_19
fact_1,あなたは、今回の事件に関わる以下の項目について事実だと考えますか。あてはまるものを選んで下さい。...-韓国の艦艇は火器管制レーダーを照射した,Q20_1
fact_2,あなたは、今回の事件に関わる以下の項目について事実だと考えますか。あてはまるものを選んで下さい。...-韓国の艦艇は北朝鮮の船舶を探索中であった,Q20_2
fact_3,あなたは、今回の事件に関わる以下の項目について事実だと考えますか。あてはまるものを選んで下さい。...-日本政府は韓国側に再発防止を強く要請した,Q20_3
fact_4,あなたは、今回の事件に関わる以下の項目について事実だと考えますか。あてはまるものを選んで下さい。...-レーダーは一定時間継続して複数回照射された,Q20_4
fact_5,あなたは、今回の事件に関わる以下の項目について事実だと考えますか。あてはまるものを選んで下さい。...-海上自衛隊機は韓国艦艇の上空を低空で飛行していた,Q20_5
fact_6,あなたは、今回の事件に関わる以下の項目について事実だと考えますか。あてはまるものを選んで下さい。...-海上自衛隊機は韓国艦艇に無線で呼びかけた,Q20_6
fact_7,あなたは、今回の事件に関わる以下の項目について事実だと考えますか。あてはまるものを選んで下さい。...-この事件は日本の排他的経済水域内で起こった,Q20_7
fact_8,あなたは、今回の事件に関わる以下の項目について事実だと考えますか。あてはまるものを選んで下さい。...-レーダーの照射は射撃を前提とする行為であった,Q20_8
fact_9,あなたは、今回の事件に関わる以下の項目について事実だと考えますか。あてはまるものを選んで下さい。...-海上自衛隊機による国際法違反があった,Q20_9
fact_10,あなたは、今回の事件に関わる以下の項目について事実だと考えますか。あてはまるものを選んで下さい。...-この事件は韓国の領海内で起こった,Q20_10
fact_11,あなたは、今回の事件に関わる以下の項目について事実だと考えますか。あてはまるものを選んで下さい。...-日本政府は韓国側に謝罪を要求した,Q20_11
jpn_gov_1,今回の事件における日本側の対応について、あなたの意見にもっとも近いものを一つずつ選んでください。...-海上自衛隊機の行動を支持する,Q21_1
jpn_gov_2,今回の事件における日本側の対応について、あなたの意見にもっとも近いものを一つずつ選んでください。...-防衛省による韓国政府への抗議を支持する,Q21_2
jpn_gov_3,今回の事件における日本側の対応について、あなたの意見にもっとも近いものを一つずつ選んでください。...-安倍首相が沈黙を守っていることを支持する,Q21_3
jpn_gov_4,今回の事件における日本側の対応について、あなたの意見にもっとも近いものを一つずつ選んでください。...-海上自衛隊機の行動には正当性がある,Q21_4
jpn_gov_5,今回の事件における日本側の対応について、あなたの意見にもっとも近いものを一つずつ選んでください。...-日本政府は何かを隠している,Q21_5
rok_gov_1,今回の事件における韓国側の対応について、あなたの意見にもっとも近いものを一つずつ選んでください。...-韓国海軍艦艇の行動を支持する,Q22_1
rok_gov_2,今回の事件における韓国側の対応について、あなたの意見にもっとも近いものを一つずつ選んでください。...-韓国国防省の「誤解がないよう十分に説明したい」という声明を支持する,Q22_2
rok_gov_3,今回の事件における韓国側の対応について、あなたの意見にもっとも近いものを一つずつ選んでください。...-文大統領が沈黙を守っていることを支持する,Q22_3
rok_gov_4,今回の事件における韓国側の対応について、あなたの意見にもっとも近いものを一つずつ選んでください。...-韓国海軍艦艇の行動には正当性がある,Q22_4
rok_gov_5,今回の事件における韓国側の対応について、あなたの意見にもっとも近いものを一つずつ選んでください。...-韓国政府は何かを隠している,Q22_5
policy_1,あなたは、日本と韓国は今回のようなレーダー照射事件のような事案がおきたときに、どうしたらよかったと考えますか。それぞれの可能性について、もっともあなたの考えに近いものを一つだけ選んでください。...-必ずしも国民に公開せずに外交当局の間で解決すべきだった,Q23_1
policy_2,あなたは、日本と韓国は今回のようなレーダー照射事件のような事案がおきたときに、どうしたらよかったと考えますか。それぞれの可能性について、もっともあなたの考えに近いものを一つだけ選んでください。...-必ずしも国民に公開せずに自衛隊と韓国軍の間で解決すべきだった,Q23_2
policy_3,あなたは、日本と韓国は今回のようなレーダー照射事件のような事案がおきたときに、どうしたらよかったと考えますか。それぞれの可能性について、もっともあなたの考えに近いものを一つだけ選んでください。...-首脳間の話し合いで解決すべきだった,Q23_3
policy_4,あなたは、日本と韓国は今回のようなレーダー照射事件のような事案がおきたときに、どうしたらよかったと考えますか。それぞれの可能性について、もっともあなたの考えに近いものを一つだけ選んでください。...-韓国が誤りを認めて謝罪すべきだった,Q23_4
policy_5,あなたは、日本と韓国は今回のようなレーダー照射事件のような事案がおきたときに、どうしたらよかったと考えますか。それぞれの可能性について、もっともあなたの考えに近いものを一つだけ選んでください。...-日本が抑制的に対応し、韓国を非難すべきではなかった,Q23_5
policy_6,あなたは、日本と韓国は今回のようなレーダー照射事件のような事案がおきたときに、どうしたらよかったと考えますか。それぞれの可能性について、もっともあなたの考えに近いものを一つだけ選んでください。...-日本が自衛隊の対処基準を見直してレーダー照射に対しては即座に威嚇などを行い、韓国の行為をやめさせるべきだった,Q23_6
policy_7,あなたは、日本と韓国は今回のようなレーダー照射事件のような事案がおきたときに、どうしたらよかったと考えますか。それぞれの可能性について、もっともあなたの考えに近いものを一つだけ選んでください。...-米国政府や米軍のような第三者に調査・介入してもらい解決すべきだった,Q23_7
policy_8,あなたは、日本と韓国は今回のようなレーダー照射事件のような事案がおきたときに、どうしたらよかったと考えますか。それぞれの可能性について、もっともあなたの考えに近いものを一つだけ選んでください。...-国連のような第三者に調査・介入してもらい解決すべきだった,Q23_8
policy_9,あなたは、日本と韓国は今回のようなレーダー照射事件のような事案がおきたときに、どうしたらよかったと考えますか。それぞれの可能性について、もっともあなたの考えに近いものを一つだけ選んでください。...-日本が韓国側のレーダー照射についての明確な証拠を見せるべきだった,Q23_9
critical_1,次に書かれている項目の内容は、あなたにどの程度当てはまると思いますか。それぞれの項目について、自分が当てはまると思うものを選んで下さい。...-いつも偏りのない判断をしようとする,Q24_1
critical_2,次に書かれている項目の内容は、あなたにどの程度当てはまると思いますか。それぞれの項目について、自分が当てはまると思うものを選んで下さい。...-物事を見るときに自分の立場からしか見ない,Q24_2
critical_3,次に書かれている項目の内容は、あなたにどの程度当てはまると思いますか。それぞれの項目について、自分が当てはまると思うものを選んで下さい。...-物事を決めるときには、客観的な態度を心がける,Q24_3
critical_4,次に書かれている項目の内容は、あなたにどの程度当てはまると思いますか。それぞれの項目について、自分が当てはまると思うものを選んで下さい。...-一つ二つの立場だけではなく、できるだけ多くの立場から考えようとする,Q24_4
critical_6,次に書かれている項目の内容は、あなたにどの程度当てはまると思いますか。それぞれの項目について、自分が当てはまると思うものを選んで下さい。...-自分が無意識のうちに偏った見方をしていないかふりかえるようにしている,Q24_6
critical_7,次に書かれている項目の内容は、あなたにどの程度当てはまると思いますか。それぞれの項目について、自分が当てはまると思うものを選んで下さい。...-自分の意見について話し合う時には、私は中立の立場ではいられない,Q24_7
critical_8,次に書かれている項目の内容は、あなたにどの程度当てはまると思いますか。それぞれの項目について、自分が当てはまると思うものを選んで下さい。...-この質問はややあてはまるをお選びください,Q24_8
critical_9,次に書かれている項目の内容は、あなたにどの程度当てはまると思いますか。それぞれの項目について、自分が当てはまると思うものを選んで下さい。...-たとえ意見が合わない人の話にも耳をかたむける,Q24_9
critical_10,次に書かれている項目の内容は、あなたにどの程度当てはまると思いますか。それぞれの項目について、自分が当てはまると思うものを選んで下さい。...-結論をくだす場合には、確たる証拠の有無にこだわる,Q24_10
critical_11,次に書かれている項目の内容は、あなたにどの程度当てはまると思いますか。それぞれの項目について、自分が当てはまると思うものを選んで下さい。...-判断をくだす際は、できるだけ多くの事実や証拠を調べる,Q24_11
critical_12,次に書かれている項目の内容は、あなたにどの程度当てはまると思いますか。それぞれの項目について、自分が当てはまると思うものを選んで下さい。...-何事も、少しも疑わずに信じ込んだりはしない,Q24_12
sdo_1,以下の文章を読んで、それぞれの主張にどれくらい同意するか、あるいは賛成するかを、1から7の数字を選んで答えてください。あまり深く考えないで、直感的に答えてください。...-ある種の人たちは他の集団の人たちよりも良い扱いを受けるに値する,Q25_1
sdo_2,以下の文章を読んで、それぞれの主張にどれくらい同意するか、あるいは賛成するかを、1から7の数字を選んで答えてください。あまり深く考えないで、直感的に答えてください。...-自分たちが欲しいものを手に入れるためには、他の集団に対して力をふるわなければならないこともある,Q25_2
sdo_3,以下の文章を読んで、それぞれの主張にどれくらい同意するか、あるいは賛成するかを、1から7の数字を選んで答えてください。あまり深く考えないで、直感的に答えてください。...-ある種の人たちが他の集団と比べて人生のチャンスに恵まれているとしても、それはそれでかまわない,Q25_3
sdo_4,以下の文章を読んで、それぞれの主張にどれくらい同意するか、あるいは賛成するかを、1から7の数字を選んで答えてください。あまり深く考えないで、直感的に答えてください。...-人生で成功するためには、時として他の集団の人たちを踏み台にすることが必要だ,Q25_4
sdo_5,以下の文章を読んで、それぞれの主張にどれくらい同意するか、あるいは賛成するかを、1から7の数字を選んで答えてください。あまり深く考えないで、直感的に答えてください。...-ある種の人たちの集団が身のほどをわきまえていたら、世の中の色々な問題は起こらないで済むだろう,Q25_5
sdo_6,以下の文章を読んで、それぞれの主張にどれくらい同意するか、あるいは賛成するかを、1から7の数字を選んで答えてください。あまり深く考えないで、直感的に答えてください。...-ある種の人たちが上に立って、他の集団が下にいるのは、おそらくよいことだ,Q25_6
sdo_7,以下の文章を読んで、それぞれの主張にどれくらい同意するか、あるいは賛成するかを、1から7の数字を選んで答えてください。あまり深く考えないで、直感的に答えてください。...-劣った人たちの集団は、自分たちの立場をわきまえるべきである,Q25_7
sdo_8,以下の文章を読んで、それぞれの主張にどれくらい同意するか、あるいは賛成するかを、1から7の数字を選んで答えてください。あまり深く考えないで、直感的に答えてください。...-他の集団の人たちを現状に押しとどめておくべき場合がある,Q25_8
sdo_9,以下の文章を読んで、それぞれの主張にどれくらい同意するか、あるいは賛成するかを、1から7の数字を選んで答えてください。あまり深く考えないで、直感的に答えてください。...-全ての集団が平等になれたら良い,Q25_9
sdo_10,以下の文章を読んで、それぞれの主張にどれくらい同意するか、あるいは賛成するかを、1から7の数字を選んで答えてください。あまり深く考えないで、直感的に答えてください。...-私たちは集団間の平等を理想とすべきだ,Q25_10
sdo_11,以下の文章を読んで、それぞれの主張にどれくらい同意するか、あるいは賛成するかを、1から7の数字を選んで答えてください。あまり深く考えないで、直感的に答えてください。...-すべての人たちの集団は人生のチャンスを等しく与えられるべきだ,Q25_11
sdo_12,以下の文章を読んで、それぞれの主張にどれくらい同意するか、あるいは賛成するかを、1から7の数字を選んで答えてください。あまり深く考えないで、直感的に答えてください。...-色々な集団が置かれた条件を等しくするために、私達はできるだけのことをすべきである,Q25_12
sdo_13,以下の文章を読んで、それぞれの主張にどれくらい同意するか、あるいは賛成するかを、1から7の数字を選んで答えてください。あまり深く考えないで、直感的に答えてください。...-私たちは社会的平等を目指すべきである,Q25_13
sdo_14,以下の文章を読んで、それぞれの主張にどれくらい同意するか、あるいは賛成するかを、1から7の数字を選んで答えてください。あまり深く考えないで、直感的に答えてください。...-もし私たちが色んな集団をもっと平等に扱ってきたら、私たちの問題はもっと少なくなるだろう,Q25_14
sdo_15,以下の文章を読んで、それぞれの主張にどれくらい同意するか、あるいは賛成するかを、1から7の数字を選んで答えてください。あまり深く考えないで、直感的に答えてください。...-私たちは収入の平等をさらに目指すべきである,Q25_15
sdo_16,以下の文章を読んで、それぞれの主張にどれくらい同意するか、あるいは賛成するかを、1から7の数字を選んで答えてください。あまり深く考えないで、直感的に答えてください。...-どんな集団も社会において支配的地位を独占するべきではない,Q25_16
