var_name,item_jan,var_jan
id,ResponseID,V1
time_start,StartDate,V8
time_end,EndDate,V9
agree,社会意識に関するアンケート この度は、「社会意識に関するアンケート調査」にご参加くださり、誠にありがとうございます。 ? 調査の概要 ? この調査では、いくつかの質問に回答していただきます。回答...,Q1
use_of_force,次の文章についてあなたはどう感じますか？　同意しますか。同意しませんか。 ? 「国際政治では国家の国益を守るために、たびたび軍事力を用いることが必要になる」? ?...,Q3
hawk_dove,あなたは、ご自身をいわゆる「タカ派」だと考えますか？　または、いわゆる「ハト派」だと考えますか？ ? ここでタカ派とは、国家安全保障のためにたびたび軍事力の行使が必要だと考える人のことを指します...,Q4
tv_news,あなたは、テレビでニュースをどれくらい見ますか。この中から１つだけお選びください。...,Q5
np_news,あなたは、新聞をどれくらい読みますか（インターネット記事も含む）。この中から１つだけお選びください。...,Q6
treatment,国際関係では「見えない危機」がたびたび起こります。本土から遠く離れた海域や空域で発生する、艦船の衝突や戦闘機の接近事件のことです。 そういった地域での出来事は、私たち市民や政治家・メディアには見...,Q11
know_event,2018年12月20日、わが国の防衛省は韓国海軍の駆逐艦が海上自衛隊の哨戒機に対して火器管制レーダーを照射したと発表しました。あなたは、この事件について聞いたことがありましたか。...,Q13
apology_colony,日本は、過去に東アジアや東南アジアの諸国に対して、植民地支配や占領統治を行いました。日本政府がそういった植民地時代や占領統治時代にとった行為について、被害を受けた国に謝罪とおわびを行うことについ...,Q18
apology_comfort,日本は、第二次世界大戦において、当時の軍の関与のもとに、従軍慰安婦として多くの女性の名誉と尊厳を深く傷つける行いをしました。日本政府がいわゆる従軍慰安婦問題について、被害者に謝罪とおわびを行うこ...,Q19
apology_genocide,関東大震災の直後、「朝鮮人が井戸に毒を撒いた」などのデマがながされ、自警団・警察・軍人らが在日朝鮮人を虐殺する事件がありました。日本政府がこの事件について、謝罪とおわびを行うことについて、どのく...,Q20
apology_general,一般論として、日本政府が他国や他の国の人々に謝罪とおわびをすることについて、あなたは抵抗を感じますか。...,Q21
ideology,政治に関して、ときどき、「保守、革新（＝リベラル）」という表現をすることがあります。０が「革新」を意味し 10 が「保守」を意味するとします。たとえば、ちょうど中間くらいの立場のときには5を選ん...,Q24
age,あなたは、西暦何年生まれですか？-西暦,Q25_65
gender,あなたの性別は、どちらですか？,Q26
educ,あなたが最後に卒業した（あるいは現在、在学中の）学校は、次のうちどれでしょうか？...,Q27
lat,LocationLatitude,LocationLatitude
lon,LocationLongitude,LocationLongitude
friendship_8,さまざまな国に対する好感度をお尋ねします。ここでは、まったく好感を抱いていない状態を「0」、とても好感を抱いている状態を「100」とそれぞれ定義するとします。そのような0から100の目盛りを用い...-中国,Q2_8
friendship_9,さまざまな国に対する好感度をお尋ねします。ここでは、まったく好感を抱いていない状態を「0」、とても好感を抱いている状態を「100」とそれぞれ定義するとします。そのような0から100の目盛りを用い...-フランス,Q2_9
friendship_10,さまざまな国に対する好感度をお尋ねします。ここでは、まったく好感を抱いていない状態を「0」、とても好感を抱いている状態を「100」とそれぞれ定義するとします。そのような0から100の目盛りを用い...-韓国,Q2_10
friendship_11,さまざまな国に対する好感度をお尋ねします。ここでは、まったく好感を抱いていない状態を「0」、とても好感を抱いている状態を「100」とそれぞれ定義するとします。そのような0から100の目盛りを用い...-イギリス,Q2_11
friendship_12,さまざまな国に対する好感度をお尋ねします。ここでは、まったく好感を抱いていない状態を「0」、とても好感を抱いている状態を「100」とそれぞれ定義するとします。そのような0から100の目盛りを用い...-アメリカ合衆国,Q2_12
friendship_13,さまざまな国に対する好感度をお尋ねします。ここでは、まったく好感を抱いていない状態を「0」、とても好感を抱いている状態を「100」とそれぞれ定義するとします。そのような0から100の目盛りを用い...-ロシア,Q2_13
friendship_14,さまざまな国に対する好感度をお尋ねします。ここでは、まったく好感を抱いていない状態を「0」、とても好感を抱いている状態を「100」とそれぞれ定義するとします。そのような0から100の目盛りを用い...-インド,Q2_14
friendship_15,さまざまな国に対する好感度をお尋ねします。ここでは、まったく好感を抱いていない状態を「0」、とても好感を抱いている状態を「100」とそれぞれ定義するとします。そのような0から100の目盛りを用い...-8. オーストラリア,Q2_15
web_news_1,あなたはふだん、以下のことをどの程度していますか。この中から1つずつお選びください。...-ポータルサイト（Yahoo!など）で政治ニュースを見る,Q7_1
web_news_2,あなたはふだん、以下のことをどの程度していますか。この中から1つずつお選びください。...-ソーシャルネットワークサービス(SNS)や電子掲示板などの政治関係の投稿を読む,Q7_2
web_news_3,あなたはふだん、以下のことをどの程度していますか。この中から1つずつお選びください。...-ソーシャルネットワークサービス(SNS)や電子掲示板などで政治について発言する,Q7_3
np_1,あなたがふだん、政治についての情報を見たり聞いたりする新聞はどれですか。あてはまるものをすべて選択してください。...-朝日新聞,Q8_1
np_2,あなたがふだん、政治についての情報を見たり聞いたりする新聞はどれですか。あてはまるものをすべて選択してください。...-読売新聞,Q8_2
np_3,あなたがふだん、政治についての情報を見たり聞いたりする新聞はどれですか。あてはまるものをすべて選択してください。...-毎日新聞,Q8_3
np_4,あなたがふだん、政治についての情報を見たり聞いたりする新聞はどれですか。あてはまるものをすべて選択してください。...-日本経済新聞,Q8_4
np_5,あなたがふだん、政治についての情報を見たり聞いたりする新聞はどれですか。あてはまるものをすべて選択してください。...-産経新聞,Q8_5
np_6,あなたがふだん、政治についての情報を見たり聞いたりする新聞はどれですか。あてはまるものをすべて選択してください。...-東京新聞・中日新聞・北海道新聞・河北新報・北陸中日新聞・京都新聞・神戸新聞・中国新聞・西日本新聞などの地方新聞,Q8_6
np_7,あなたがふだん、政治についての情報を見たり聞いたりする新聞はどれですか。あてはまるものをすべて選択してください。...-その他の新聞,Q8_7
np_8,あなたがふだん、政治についての情報を見たり聞いたりする新聞はどれですか。あてはまるものをすべて選択してください。...-新聞は読んでいない,Q8_8
fact_1,あなたは、今回の事件に関わる以下の項目について事実だと考えますか。あてはまるものを選んで下さい。...-韓国の艦艇は火器管制レーダーを照射した,Q14_1
fact_2,あなたは、今回の事件に関わる以下の項目について事実だと考えますか。あてはまるものを選んで下さい。...-韓国の艦艇は北朝鮮の船舶を探索中であった,Q14_2
fact_3,あなたは、今回の事件に関わる以下の項目について事実だと考えますか。あてはまるものを選んで下さい。...-日本政府は韓国側に再発防止を強く要請した,Q14_3
fact_4,あなたは、今回の事件に関わる以下の項目について事実だと考えますか。あてはまるものを選んで下さい。...-レーダーは一定時間継続して複数回照射された,Q14_4
fact_5,あなたは、今回の事件に関わる以下の項目について事実だと考えますか。あてはまるものを選んで下さい。...-海上自衛隊機は韓国艦艇の上空を低空で飛行していた,Q14_5
fact_6,あなたは、今回の事件に関わる以下の項目について事実だと考えますか。あてはまるものを選んで下さい。...-海上自衛隊機は韓国艦艇に無線で呼びかけた,Q14_6
fact_7,あなたは、今回の事件に関わる以下の項目について事実だと考えますか。あてはまるものを選んで下さい。...-この事件は日本の排他的経済水域内で起こった,Q14_7
fact_8,あなたは、今回の事件に関わる以下の項目について事実だと考えますか。あてはまるものを選んで下さい。...-レーダーの照射は射撃を前提とする行為であった,Q14_8
fact_9,あなたは、今回の事件に関わる以下の項目について事実だと考えますか。あてはまるものを選んで下さい。...-海上自衛隊機による国際法違反があった,Q14_9
fact_10,あなたは、今回の事件に関わる以下の項目について事実だと考えますか。あてはまるものを選んで下さい。...-この事件は韓国の領海内で起こった,Q14_10
fact_11,あなたは、今回の事件に関わる以下の項目について事実だと考えますか。あてはまるものを選んで下さい。...-日本政府は韓国側に謝罪を要求した,Q14_11
jpn_gov_1,今回の事件における日本側の対応について、あなたの意見にもっとも近いものを一つずつ選んでください。...-海上自衛隊機の行動を支持する,Q15_1
jpn_gov_2,今回の事件における日本側の対応について、あなたの意見にもっとも近いものを一つずつ選んでください。...-防衛省による韓国政府への抗議を支持する,Q15_2
jpn_gov_3,今回の事件における日本側の対応について、あなたの意見にもっとも近いものを一つずつ選んでください。...-この事件を公開することにした安倍首相には、政治的な意図を感じる,Q15_3
jpn_gov_4,今回の事件における日本側の対応について、あなたの意見にもっとも近いものを一つずつ選んでください。...-海上自衛隊機の行動には正当性がある,Q15_4
jpn_gov_5,今回の事件における日本側の対応について、あなたの意見にもっとも近いものを一つずつ選んでください。...-日本政府は何かを隠している,Q15_5
rok_gov_1,今回の事件における韓国側の対応について、あなたの意見にもっとも近いものを一つずつ選んでください。...-韓国海軍艦艇の行動を支持する,Q16_1
rok_gov_2,今回の事件における韓国側の対応について、あなたの意見にもっとも近いものを一つずつ選んでください。...-韓国国防省の「誤解がないよう十分に説明したい」という声明を支持する,Q16_2
rok_gov_3,今回の事件における韓国側の対応について、あなたの意見にもっとも近いものを一つずつ選んでください。...-この事件の韓国側の対応には、文大統領の政治的な意図を感じる,Q16_3
rok_gov_4,今回の事件における韓国側の対応について、あなたの意見にもっとも近いものを一つずつ選んでください。...-韓国海軍艦艇の行動には正当性がある,Q16_4
rok_gov_5,今回の事件における韓国側の対応について、あなたの意見にもっとも近いものを一つずつ選んでください。...-韓国政府は何かを隠している,Q16_5
policy_1,あなたは、日本と韓国は今回のようなレーダー照射事件のような事案がおきたときに、どうしたらよかったと考えますか。それぞれの可能性について、もっともあなたの考えに近いものを一つだけ選んでください。...-必ずしも国民に公開せずに外交当局の間で解決すべきだった,Q17_1
policy_2,あなたは、日本と韓国は今回のようなレーダー照射事件のような事案がおきたときに、どうしたらよかったと考えますか。それぞれの可能性について、もっともあなたの考えに近いものを一つだけ選んでください。...-必ずしも国民に公開せずに自衛隊と韓国軍の間で解決すべきだった,Q17_2
policy_3,あなたは、日本と韓国は今回のようなレーダー照射事件のような事案がおきたときに、どうしたらよかったと考えますか。それぞれの可能性について、もっともあなたの考えに近いものを一つだけ選んでください。...-首脳間の話し合いで解決すべきだった,Q17_3
policy_4,あなたは、日本と韓国は今回のようなレーダー照射事件のような事案がおきたときに、どうしたらよかったと考えますか。それぞれの可能性について、もっともあなたの考えに近いものを一つだけ選んでください。...-韓国が誤りを認めて謝罪すべきだった,Q17_4
policy_5,あなたは、日本と韓国は今回のようなレーダー照射事件のような事案がおきたときに、どうしたらよかったと考えますか。それぞれの可能性について、もっともあなたの考えに近いものを一つだけ選んでください。...-日本が抑制的に対応し、韓国を非難すべきではなかった,Q17_5
policy_6,あなたは、日本と韓国は今回のようなレーダー照射事件のような事案がおきたときに、どうしたらよかったと考えますか。それぞれの可能性について、もっともあなたの考えに近いものを一つだけ選んでください。...-日本が自衛隊の対処基準を見直してレーダー照射に対しては即座に威嚇などを行い、韓国の行為をやめさせるべきだった,Q17_6
policy_7,あなたは、日本と韓国は今回のようなレーダー照射事件のような事案がおきたときに、どうしたらよかったと考えますか。それぞれの可能性について、もっともあなたの考えに近いものを一つだけ選んでください。...-米国政府や米軍のような第三者に調査・介入してもらい解決すべきだった,Q17_7
policy_8,あなたは、日本と韓国は今回のようなレーダー照射事件のような事案がおきたときに、どうしたらよかったと考えますか。それぞれの可能性について、もっともあなたの考えに近いものを一つだけ選んでください。...-国連のような第三者に調査・介入してもらい解決すべきだった,Q17_8
policy_9,あなたは、日本と韓国は今回のようなレーダー照射事件のような事案がおきたときに、どうしたらよかったと考えますか。それぞれの可能性について、もっともあなたの考えに近いものを一つだけ選んでください。...-日本が韓国側のレーダー照射についての明確な証拠を見せるべきだった,Q17_9
critical_1,次に書かれている項目の内容は、あなたにどの程度当てはまると思いますか。それぞれの項目について、自分が当てはまると思うものを選んで下さい。...-いつも偏りのない判断をしようとする,Q22_1
critical_2,次に書かれている項目の内容は、あなたにどの程度当てはまると思いますか。それぞれの項目について、自分が当てはまると思うものを選んで下さい。...-物事を見るときに自分の立場からしか見ない,Q22_2
critical_3,次に書かれている項目の内容は、あなたにどの程度当てはまると思いますか。それぞれの項目について、自分が当てはまると思うものを選んで下さい。...-物事を決めるときには、客観的な態度を心がける,Q22_3
critical_4,次に書かれている項目の内容は、あなたにどの程度当てはまると思いますか。それぞれの項目について、自分が当てはまると思うものを選んで下さい。...-一つ二つの立場だけではなく、できるだけ多くの立場から考えようとする,Q22_4
critical_6,次に書かれている項目の内容は、あなたにどの程度当てはまると思いますか。それぞれの項目について、自分が当てはまると思うものを選んで下さい。...-自分が無意識のうちに偏った見方をしていないかふりかえるようにしている,Q22_6
critical_7,次に書かれている項目の内容は、あなたにどの程度当てはまると思いますか。それぞれの項目について、自分が当てはまると思うものを選んで下さい。...-自分の意見について話し合う時には、私は中立の立場ではいられない,Q22_7
critical_8,次に書かれている項目の内容は、あなたにどの程度当てはまると思いますか。それぞれの項目について、自分が当てはまると思うものを選んで下さい。...-この質問はややあてはまるをお選びください,Q22_8
critical_9,次に書かれている項目の内容は、あなたにどの程度当てはまると思いますか。それぞれの項目について、自分が当てはまると思うものを選んで下さい。...-たとえ意見が合わない人の話にも耳をかたむける,Q22_9
critical_10,次に書かれている項目の内容は、あなたにどの程度当てはまると思いますか。それぞれの項目について、自分が当てはまると思うものを選んで下さい。...-結論をくだす場合には、確たる証拠の有無にこだわる,Q22_10
critical_11,次に書かれている項目の内容は、あなたにどの程度当てはまると思いますか。それぞれの項目について、自分が当てはまると思うものを選んで下さい。...-判断をくだす際は、できるだけ多くの事実や証拠を調べる,Q22_11
critical_12,次に書かれている項目の内容は、あなたにどの程度当てはまると思いますか。それぞれの項目について、自分が当てはまると思うものを選んで下さい。...-何事も、少しも疑わずに信じ込んだりはしない,Q22_12
sdo_1,以下の文章を読んで、それぞれの主張にどれくらい同意するか、あるいは賛成するかを、1から7の数字を選んで答えてください。あまり深く考えないで、直感的に答えてください。...-ある種の人たちは他の集団の人たちよりも良い扱いを受けるに値する,Q23_1
sdo_2,以下の文章を読んで、それぞれの主張にどれくらい同意するか、あるいは賛成するかを、1から7の数字を選んで答えてください。あまり深く考えないで、直感的に答えてください。...-自分たちが欲しいものを手に入れるためには、他の集団に対して力をふるわなければならないこともある,Q23_2
sdo_3,以下の文章を読んで、それぞれの主張にどれくらい同意するか、あるいは賛成するかを、1から7の数字を選んで答えてください。あまり深く考えないで、直感的に答えてください。...-ある種の人たちが他の集団と比べて人生のチャンスに恵まれているとしても、それはそれでかまわない,Q23_3
sdo_4,以下の文章を読んで、それぞれの主張にどれくらい同意するか、あるいは賛成するかを、1から7の数字を選んで答えてください。あまり深く考えないで、直感的に答えてください。...-人生で成功するためには、時として他の集団の人たちを踏み台にすることが必要だ,Q23_4
sdo_5,以下の文章を読んで、それぞれの主張にどれくらい同意するか、あるいは賛成するかを、1から7の数字を選んで答えてください。あまり深く考えないで、直感的に答えてください。...-ある種の人たちの集団が身のほどをわきまえていたら、世の中の色々な問題は起こらないで済むだろう,Q23_5
sdo_6,以下の文章を読んで、それぞれの主張にどれくらい同意するか、あるいは賛成するかを、1から7の数字を選んで答えてください。あまり深く考えないで、直感的に答えてください。...-ある種の人たちが上に立って、他の集団が下にいるのは、おそらくよいことだ,Q23_6
sdo_7,以下の文章を読んで、それぞれの主張にどれくらい同意するか、あるいは賛成するかを、1から7の数字を選んで答えてください。あまり深く考えないで、直感的に答えてください。...-劣った人たちの集団は、自分たちの立場をわきまえるべきである,Q23_7
sdo_8,以下の文章を読んで、それぞれの主張にどれくらい同意するか、あるいは賛成するかを、1から7の数字を選んで答えてください。あまり深く考えないで、直感的に答えてください。...-他の集団の人たちを現状に押しとどめておくべき場合がある,Q23_8
sdo_9,以下の文章を読んで、それぞれの主張にどれくらい同意するか、あるいは賛成するかを、1から7の数字を選んで答えてください。あまり深く考えないで、直感的に答えてください。...-全ての集団が平等になれたら良い,Q23_9
sdo_10,以下の文章を読んで、それぞれの主張にどれくらい同意するか、あるいは賛成するかを、1から7の数字を選んで答えてください。あまり深く考えないで、直感的に答えてください。...-私たちは集団間の平等を理想とすべきだ,Q23_10
sdo_11,以下の文章を読んで、それぞれの主張にどれくらい同意するか、あるいは賛成するかを、1から7の数字を選んで答えてください。あまり深く考えないで、直感的に答えてください。...-すべての人たちの集団は人生のチャンスを等しく与えられるべきだ,Q23_11
sdo_12,以下の文章を読んで、それぞれの主張にどれくらい同意するか、あるいは賛成するかを、1から7の数字を選んで答えてください。あまり深く考えないで、直感的に答えてください。...-色々な集団が置かれた条件を等しくするために、私達はできるだけのことをすべきである,Q23_12
sdo_13,以下の文章を読んで、それぞれの主張にどれくらい同意するか、あるいは賛成するかを、1から7の数字を選んで答えてください。あまり深く考えないで、直感的に答えてください。...-私たちは社会的平等を目指すべきである,Q23_13
sdo_14,以下の文章を読んで、それぞれの主張にどれくらい同意するか、あるいは賛成するかを、1から7の数字を選んで答えてください。あまり深く考えないで、直感的に答えてください。...-もし私たちが色んな集団をもっと平等に扱ってきたら、私たちの問題はもっと少なくなるだろう,Q23_14
sdo_15,以下の文章を読んで、それぞれの主張にどれくらい同意するか、あるいは賛成するかを、1から7の数字を選んで答えてください。あまり深く考えないで、直感的に答えてください。...-私たちは収入の平等をさらに目指すべきである,Q23_15
sdo_16,以下の文章を読んで、それぞれの主張にどれくらい同意するか、あるいは賛成するかを、1から7の数字を選んで答えてください。あまり深く考えないで、直感的に答えてください。...-どんな集団も社会において支配的地位を独占するべきではない,Q23_16
