var_name,var_mar,item_mar
agree,s00,S0.私は、この調査の趣旨を理解した上で、参加することに同意します。（ひとつだけ）
age,s01,S1.あなたは、西暦何年生まれですか。（ひとつだけ）
gender,s02,S2.あなたの性別をお答えください。（ひとつだけ）
location,s03,S3.あなたのお住まいをお答えください。（ひとつだけ）
use_of_force,q01,Q1.次の文章についてあなたは同意しますか、同意しませんか。「国際政治では国家の国益を守るために、たびたび軍事力を用いることが必要になる」（ひとつだけ）
hawk_dove,q02,Q2.あなたは、ご自身をいわゆる「タカ派」だと考えますか。または、いわゆる「ハト派」だと考えますか。ここでタカ派とは、国家安全保障のためにたびたび軍事力の行使が必要だと考える人のことを指します。ハト派とは、軍事力は決して、または、ほぼ行使してはいけないものと考える人のことを指します。（ひとつだけ）
tv_news_*,q03_1,【ニュース番組（起こった出来事のみを報道する番組）】Q3.あなたはふだん、以下番組をどの程度視聴していますか。この中から1つずつお選びください。（それぞれひとつずつ）_毎日または、ほぼ毎日
tv_news_*,q03_2,【ニュースショー（キャスターやゲスト出演者によるコメントを含む番組）】Q3.あなたはふだん、以下番組をどの程度視聴していますか。この中から1つずつお選びください。（それぞれひとつずつ）_毎日または、ほぼ毎日
tv_news_*,q03_3,【ワイドショー（話題のニュースや、芸能人の動向などについての情報を提供する番組）】Q3.あなたはふだん、以下番組をどの程度視聴していますか。この中から1つずつお選びください。（それぞれひとつずつ）_毎日または、ほぼ毎日
np_news,q04,Q4.あなたは、新聞をどれくらい読みますか（インターネット記事も含む）。この中から1つだけお選びください。（ひとつだけ）
web_news_*,q05_1,【ポータルサイト（Yahoo!等）で政治ニュースを見る】Q5.あなたはふだん、以下のことをどの程度していますか。この中から1つずつお選びください。（それぞれひとつずつ）_毎日または、ほぼ毎日
web_news_*,q05_2,【ソーシャルネットワークサービス(SNS)や電子掲示板などの政治関係の投稿を読む】Q5.あなたはふだん、以下のことをどの程度していますか。この中から1つずつお選びください。（それぞれひとつずつ）_毎日または、ほぼ毎日
web_news_*,q05_3,【ソーシャルネットワークサービス(SNS)や電子掲示板などで政治について発言する】Q5.あなたはふだん、以下のことをどの程度していますか。この中から1つずつお選びください。（それぞれひとつずつ）_毎日または、ほぼ毎日
np_*,q06_1,Q6.あなたがふだん、政治についての情報を見たり聞いたりする新聞はどれですか。あてはまるものをすべて選択してください。（いくつでも）_朝日新聞
np_*,q06_2,Q6.あなたがふだん、政治についての情報を見たり聞いたりする新聞はどれですか。あてはまるものをすべて選択してください。（いくつでも）_読売新聞
np_*,q06_3,Q6.あなたがふだん、政治についての情報を見たり聞いたりする新聞はどれですか。あてはまるものをすべて選択してください。（いくつでも）_毎日新聞
np_*,q06_4,Q6.あなたがふだん、政治についての情報を見たり聞いたりする新聞はどれですか。あてはまるものをすべて選択してください。（いくつでも）_日本経済新聞
np_*,q06_5,Q6.あなたがふだん、政治についての情報を見たり聞いたりする新聞はどれですか。あてはまるものをすべて選択してください。（いくつでも）_産経新聞
np_*,q06_6,Q6.あなたがふだん、政治についての情報を見たり聞いたりする新聞はどれですか。あてはまるものをすべて選択してください。（いくつでも）_東京新聞・中日新聞・北海道新聞・河北新報・北陸中日新聞・京都新聞・神戸新聞・中国新聞・西日本新聞などの地方新聞
np_*,q06_7,Q6.あなたがふだん、政治についての情報を見たり聞いたりする新聞はどれですか。あてはまるものをすべて選択してください。（いくつでも）_その他の新聞
np_*,q06_8,Q6.あなたがふだん、政治についての情報を見たり聞いたりする新聞はどれですか。あてはまるものをすべて選択してください。（いくつでも）_新聞は読んでいない
tv_A_*,q07_01,Q7.あなたがふだん、政治についての情報を見たり聞いたりするテレビ番組はどれですか。あてはまるものをすべて選択してください。（いくつでも）_おはよう日本
tv_A_*,q07_02,Q7.あなたがふだん、政治についての情報を見たり聞いたりするテレビ番組はどれですか。あてはまるものをすべて選択してください。（いくつでも）_ZIP！
tv_A_*,q07_03,Q7.あなたがふだん、政治についての情報を見たり聞いたりするテレビ番組はどれですか。あてはまるものをすべて選択してください。（いくつでも）_グッド！モーニング
tv_A_*,q07_04,Q7.あなたがふだん、政治についての情報を見たり聞いたりするテレビ番組はどれですか。あてはまるものをすべて選択してください。（いくつでも）_あさチャン！
tv_A_*,q07_05,Q7.あなたがふだん、政治についての情報を見たり聞いたりするテレビ番組はどれですか。あてはまるものをすべて選択してください。（いくつでも）_Newsモーニングサテライト
tv_A_*,q07_06,Q7.あなたがふだん、政治についての情報を見たり聞いたりするテレビ番組はどれですか。あてはまるものをすべて選択してください。（いくつでも）_めざましテレビ
tv_A_*,q07_07,Q7.あなたがふだん、政治についての情報を見たり聞いたりするテレビ番組はどれですか。あてはまるものをすべて選択してください。（いくつでも）_スッキリ
tv_A_*,q07_08,Q7.あなたがふだん、政治についての情報を見たり聞いたりするテレビ番組はどれですか。あてはまるものをすべて選択してください。（いくつでも）_モーニングショー
tv_A_*,q07_09,Q7.あなたがふだん、政治についての情報を見たり聞いたりするテレビ番組はどれですか。あてはまるものをすべて選択してください。（いくつでも）_とくダネ！
tv_A_*,q07_10,Q7.あなたがふだん、政治についての情報を見たり聞いたりするテレビ番組はどれですか。あてはまるものをすべて選択してください。（いくつでも）_あさイチ
tv_A_*,q07_11,Q7.あなたがふだん、政治についての情報を見たり聞いたりするテレビ番組はどれですか。あてはまるものをすべて選択してください。（いくつでも）_白熱ライブ ビビット
tv_A_*,q07_12,Q7.あなたがふだん、政治についての情報を見たり聞いたりするテレビ番組はどれですか。あてはまるものをすべて選択してください。（いくつでも）_ノンストップ！
tv_A_*,q07_13,Q7.あなたがふだん、政治についての情報を見たり聞いたりするテレビ番組はどれですか。あてはまるものをすべて選択してください。（いくつでも）_NNNストレイトニュース
tv_A_*,q07_14,Q7.あなたがふだん、政治についての情報を見たり聞いたりするテレビ番組はどれですか。あてはまるものをすべて選択してください。（いくつでも）_ワイド！スクランブル
tv_A_*,q07_15,Q7.あなたがふだん、政治についての情報を見たり聞いたりするテレビ番組はどれですか。あてはまるものをすべて選択してください。（いくつでも）_その他
tv_A_*,q07_16,Q7.あなたがふだん、政治についての情報を見たり聞いたりするテレビ番組はどれですか。あてはまるものをすべて選択してください。（いくつでも）_平日午前の番組は見聞きしていない
tv_B_*,q08_01,Q8.あなたがふだん、政治についての情報を見たり聞いたりするテレビ番組はどれですか。あてはまるものをすべて選択してください。（いくつでも）_ヒルナンデス！
tv_B_*,q08_02,Q8.あなたがふだん、政治についての情報を見たり聞いたりするテレビ番組はどれですか。あてはまるものをすべて選択してください。（いくつでも）_バイキング
tv_B_*,q08_03,Q8.あなたがふだん、政治についての情報を見たり聞いたりするテレビ番組はどれですか。あてはまるものをすべて選択してください。（いくつでも）_ひるおび！
tv_B_*,q08_04,Q8.あなたがふだん、政治についての情報を見たり聞いたりするテレビ番組はどれですか。あてはまるものをすべて選択してください。（いくつでも）_情報ライブ ミヤネ屋
tv_B_*,q08_05,Q8.あなたがふだん、政治についての情報を見たり聞いたりするテレビ番組はどれですか。あてはまるものをすべて選択してください。（いくつでも）_直撃LIVE グッディ！
tv_B_*,q08_06,Q8.あなたがふだん、政治についての情報を見たり聞いたりするテレビ番組はどれですか。あてはまるものをすべて選択してください。（いくつでも）_news　every.
tv_B_*,q08_07,Q8.あなたがふだん、政治についての情報を見たり聞いたりするテレビ番組はどれですか。あてはまるものをすべて選択してください。（いくつでも）_スーパーＪチャンネル
tv_B_*,q08_08,Q8.あなたがふだん、政治についての情報を見たり聞いたりするテレビ番組はどれですか。あてはまるものをすべて選択してください。（いくつでも）_Nスタ
tv_B_*,q08_09,Q8.あなたがふだん、政治についての情報を見たり聞いたりするテレビ番組はどれですか。あてはまるものをすべて選択してください。（いくつでも）_ゆうがたサテライト
tv_B_*,q08_10,Q8.あなたがふだん、政治についての情報を見たり聞いたりするテレビ番組はどれですか。あてはまるものをすべて選択してください。（いくつでも）_みんなのニュース
tv_B_*,q08_11,Q8.あなたがふだん、政治についての情報を見たり聞いたりするテレビ番組はどれですか。あてはまるものをすべて選択してください。（いくつでも）_その他
tv_B_*,q08_12,Q8.あなたがふだん、政治についての情報を見たり聞いたりするテレビ番組はどれですか。あてはまるものをすべて選択してください。（いくつでも）_平日昼・夕方の番組は見聞きしていない
tv_C_*,q09_01,Q9.あなたがふだん、政治についての情報を見たり聞いたりするテレビ番組はどれですか。あてはまるものをすべて選択してください。（いくつでも）_NHKニュース7
tv_C_*,q09_02,Q9.あなたがふだん、政治についての情報を見たり聞いたりするテレビ番組はどれですか。あてはまるものをすべて選択してください。（いくつでも）_クローズアップ現代＋
tv_C_*,q09_03,Q9.あなたがふだん、政治についての情報を見たり聞いたりするテレビ番組はどれですか。あてはまるものをすべて選択してください。（いくつでも）_ニュースウォッチ9
tv_C_*,q09_04,Q9.あなたがふだん、政治についての情報を見たり聞いたりするテレビ番組はどれですか。あてはまるものをすべて選択してください。（いくつでも）_報道ステーション
tv_C_*,q09_05,Q9.あなたがふだん、政治についての情報を見たり聞いたりするテレビ番組はどれですか。あてはまるものをすべて選択してください。（いくつでも）_NEWS ZERO
tv_C_*,q09_06,Q9.あなたがふだん、政治についての情報を見たり聞いたりするテレビ番組はどれですか。あてはまるものをすべて選択してください。（いくつでも）_NEWS 23
tv_C_*,q09_07,Q9.あなたがふだん、政治についての情報を見たり聞いたりするテレビ番組はどれですか。あてはまるものをすべて選択してください。（いくつでも）_ワールドビジネスサテライト
tv_C_*,q09_08,Q9.あなたがふだん、政治についての情報を見たり聞いたりするテレビ番組はどれですか。あてはまるものをすべて選択してください。（いくつでも）_FNNプライムニュース α
tv_C_*,q09_09,Q9.あなたがふだん、政治についての情報を見たり聞いたりするテレビ番組はどれですか。あてはまるものをすべて選択してください。（いくつでも）_その他
tv_C_*,q09_10,Q9.あなたがふだん、政治についての情報を見たり聞いたりするテレビ番組はどれですか。あてはまるものをすべて選択してください。（いくつでも）_平日夜の番組は見聞きしていない
tv_D_*,q10_01,Q10.あなたがふだん、政治についての情報を見たり聞いたりするテレビ番組はどれですか。あてはまるものをすべて選択してください。（いくつでも）_上田晋也のサタデージャーナル
tv_D_*,q10_02,Q10.あなたがふだん、政治についての情報を見たり聞いたりするテレビ番組はどれですか。あてはまるものをすべて選択してください。（いくつでも）_めざましどようび
tv_D_*,q10_03,Q10.あなたがふだん、政治についての情報を見たり聞いたりするテレビ番組はどれですか。あてはまるものをすべて選択してください。（いくつでも）_ウェークアップ！ぷらす
tv_D_*,q10_04,Q10.あなたがふだん、政治についての情報を見たり聞いたりするテレビ番組はどれですか。あてはまるものをすべて選択してください。（いくつでも）_サタデープラス
tv_D_*,q10_05,Q10.あなたがふだん、政治についての情報を見たり聞いたりするテレビ番組はどれですか。あてはまるものをすべて選択してください。（いくつでも）_TXNニュース
tv_D_*,q10_06,Q10.あなたがふだん、政治についての情報を見たり聞いたりするテレビ番組はどれですか。あてはまるものをすべて選択してください。（いくつでも）_報道特集
tv_D_*,q10_07,Q10.あなたがふだん、政治についての情報を見たり聞いたりするテレビ番組はどれですか。あてはまるものをすべて選択してください。（いくつでも）_情報7daysニュースキャスター
tv_D_*,q10_08,Q10.あなたがふだん、政治についての情報を見たり聞いたりするテレビ番組はどれですか。あてはまるものをすべて選択してください。（いくつでも）_新報道2001
tv_D_*,q10_09,Q10.あなたがふだん、政治についての情報を見たり聞いたりするテレビ番組はどれですか。あてはまるものをすべて選択してください。（いくつでも）_シューイチ
tv_D_*,q10_10,Q10.あなたがふだん、政治についての情報を見たり聞いたりするテレビ番組はどれですか。あてはまるものをすべて選択してください。（いくつでも）_サンデーモーニング
tv_D_*,q10_11,Q10.あなたがふだん、政治についての情報を見たり聞いたりするテレビ番組はどれですか。あてはまるものをすべて選択してください。（いくつでも）_日曜討論
tv_D_*,q10_12,Q10.あなたがふだん、政治についての情報を見たり聞いたりするテレビ番組はどれですか。あてはまるものをすべて選択してください。（いくつでも）_スーパーＪチャンネル
tv_D_*,q10_13,Q10.あなたがふだん、政治についての情報を見たり聞いたりするテレビ番組はどれですか。あてはまるものをすべて選択してください。（いくつでも）_サンデーLIVE!!
tv_D_*,q10_14,Q10.あなたがふだん、政治についての情報を見たり聞いたりするテレビ番組はどれですか。あてはまるものをすべて選択してください。（いくつでも）_サンデージャポン
tv_D_*,q10_15,Q10.あなたがふだん、政治についての情報を見たり聞いたりするテレビ番組はどれですか。あてはまるものをすべて選択してください。（いくつでも）_ワイドナショー
tv_D_*,q10_16,Q10.あなたがふだん、政治についての情報を見たり聞いたりするテレビ番組はどれですか。あてはまるものをすべて選択してください。（いくつでも）_真相報道バンキシャ！
tv_D_*,q10_17,Q10.あなたがふだん、政治についての情報を見たり聞いたりするテレビ番組はどれですか。あてはまるものをすべて選択してください。（いくつでも）_Mr.サンデー
tv_D_*,q10_18,Q10.あなたがふだん、政治についての情報を見たり聞いたりするテレビ番組はどれですか。あてはまるものをすべて選択してください。（いくつでも）_みんなのニュースWeekend
tv_D_*,q10_19,Q10.あなたがふだん、政治についての情報を見たり聞いたりするテレビ番組はどれですか。あてはまるものをすべて選択してください。（いくつでも）_その他
tv_D_*,q10_20,Q10.あなたがふだん、政治についての情報を見たり聞いたりするテレビ番組はどれですか。あてはまるものをすべて選択してください。（いくつでも）_土日の番組は見聞きしていない
responsibility_*,q11_1,【自衛隊】Q11.以下のそれぞれの組織について、今回のレーダー照射事件が大きな問題となったことの責任はどの程度あると思いますか。（それぞれひとつずつ）_責任がない
responsibility_*,q11_2,【韓国軍】Q11.以下のそれぞれの組織について、今回のレーダー照射事件が大きな問題となったことの責任はどの程度あると思いますか。（それぞれひとつずつ）_責任がない
responsibility_*,q11_3,【日本政府】Q11.以下のそれぞれの組織について、今回のレーダー照射事件が大きな問題となったことの責任はどの程度あると思いますか。（それぞれひとつずつ）_責任がない
responsibility_*,q11_4,【韓国政府】Q11.以下のそれぞれの組織について、今回のレーダー照射事件が大きな問題となったことの責任はどの程度あると思いますか。（それぞれひとつずつ）_責任がない
fact_*,q12_01,【韓国の艦艇は火器管制レーダーを照射した】Q12.あなたは、今回の事件に関わる以下の項目について事実だと考えますか。あてはまるものを選んでください。（それぞれひとつずつ）_事実である
fact_*,q12_02,【韓国の艦艇は北朝鮮の船舶を探索中であった】Q12.あなたは、今回の事件に関わる以下の項目について事実だと考えますか。あてはまるものを選んでください。（それぞれひとつずつ）_事実である
fact_*,q12_03,【日本政府は韓国側に再発防止を強く要請した】Q12.あなたは、今回の事件に関わる以下の項目について事実だと考えますか。あてはまるものを選んでください。（それぞれひとつずつ）_事実である
fact_*,q12_04,【レーダーは一定時間継続して複数回照射された】Q12.あなたは、今回の事件に関わる以下の項目について事実だと考えますか。あてはまるものを選んでください。（それぞれひとつずつ）_事実である
fact_*,q12_05,【海上自衛隊機は韓国艦艇の上空を低空で飛行していた】Q12.あなたは、今回の事件に関わる以下の項目について事実だと考えますか。あてはまるものを選んでください。（それぞれひとつずつ）_事実である
fact_*,q12_06,【海上自衛隊機は韓国艦艇に無線で呼びかけた】Q12.あなたは、今回の事件に関わる以下の項目について事実だと考えますか。あてはまるものを選んでください。（それぞれひとつずつ）_事実である
fact_*,q12_07,【この事件は日本の排他的経済水域内で起こった】Q12.あなたは、今回の事件に関わる以下の項目について事実だと考えますか。あてはまるものを選んでください。（それぞれひとつずつ）_事実である
fact_*,q12_08,【レーダーの照射は射撃を前提とする行為であった】Q12.あなたは、今回の事件に関わる以下の項目について事実だと考えますか。あてはまるものを選んでください。（それぞれひとつずつ）_事実である
fact_*,q12_09,【海上自衛隊機による国際法違反があった】Q12.あなたは、今回の事件に関わる以下の項目について事実だと考えますか。あてはまるものを選んでください。（それぞれひとつずつ）_事実である
fact_*,q12_10,【この事件は韓国の領海内で起こった】Q12.あなたは、今回の事件に関わる以下の項目について事実だと考えますか。あてはまるものを選んでください。（それぞれひとつずつ）_事実である
fact_*,q12_11,【日本政府は韓国側に謝罪を要求した】Q12.あなたは、今回の事件に関わる以下の項目について事実だと考えますか。あてはまるものを選んでください。（それぞれひとつずつ）_事実である
jpn_gov_*,q13_1,【海上自衛隊機の行動を支持する】Q13.今回の事件における日本側の対応について、あなたの意見にもっとも近いものを1つずつ選んでください。（それぞれひとつずつ）_同意しない
jpn_gov_*,q13_2,【防衛省による韓国政府への抗議を支持する】Q13.今回の事件における日本側の対応について、あなたの意見にもっとも近いものを1つずつ選んでください。（それぞれひとつずつ）_同意しない
jpn_gov_*,q13_3,【この事件を公開することにした安倍首相には、政治的な意図を感じる】Q13.今回の事件における日本側の対応について、あなたの意見にもっとも近いものを1つずつ選んでください。（それぞれひとつずつ）_同意しない
jpn_gov_*,q13_4,【海上自衛隊機の行動には正当性がある】Q13.今回の事件における日本側の対応について、あなたの意見にもっとも近いものを1つずつ選んでください。（それぞれひとつずつ）_同意しない
jpn_gov_*,q13_5,【日本政府は何かを隠している】Q13.今回の事件における日本側の対応について、あなたの意見にもっとも近いものを1つずつ選んでください。（それぞれひとつずつ）_同意しない
rok_gov_*,q14_1,【韓国海軍艦艇の行動を支持する】Q14.今回の事件における韓国側の対応について、あなたの意見にもっとも近いものを1つずつ選んでください。（それぞれひとつずつ）_同意しない
rok_gov_*,q14_2,【韓国国防省の「誤解がないよう十分に説明したい」という声明を支持する】Q14.今回の事件における韓国側の対応について、あなたの意見にもっとも近いものを1つずつ選んでください。（それぞれひとつずつ）_同意しない
rok_gov_*,q14_3,【この事件の韓国側の対応には、文大統領の政治的な意図を感じる】Q14.今回の事件における韓国側の対応について、あなたの意見にもっとも近いものを1つずつ選んでください。（それぞれひとつずつ）_同意しない
rok_gov_*,q14_4,【韓国海軍艦艇の行動には正当性がある】Q14.今回の事件における韓国側の対応について、あなたの意見にもっとも近いものを1つずつ選んでください。（それぞれひとつずつ）_同意しない
rok_gov_*,q14_5,【韓国政府は何かを隠している】Q14.今回の事件における韓国側の対応について、あなたの意見にもっとも近いものを1つずつ選んでください。（それぞれひとつずつ）_同意しない
policy_*,q15_1,【必ずしも国民に公開せずに外交当局の間で解決すべきだった】Q15.あなたは、日本と韓国は今回のようなレーダー照射事件のような事案が起きたときに、どうしたら良かったと考えますか。それぞれの可能性について、もっともあなたの考えに近いものを1つだけ選んでください。（それぞれひとつずつ）_そう思わない
policy_*,q15_2,【必ずしも国民に公開せずに自衛隊と韓国軍の間で解決すべきだった】Q15.あなたは、日本と韓国は今回のようなレーダー照射事件のような事案が起きたときに、どうしたら良かったと考えますか。それぞれの可能性について、もっともあなたの考えに近いものを1つだけ選んでください。（それぞれひとつずつ）_そう思わない
policy_*,q15_3,【首脳間の話し合いで解決すべきだった】Q15.あなたは、日本と韓国は今回のようなレーダー照射事件のような事案が起きたときに、どうしたら良かったと考えますか。それぞれの可能性について、もっともあなたの考えに近いものを1つだけ選んでください。（それぞれひとつずつ）_そう思わない
policy_*,q15_4,【韓国が誤りを認めて謝罪すべきだった】Q15.あなたは、日本と韓国は今回のようなレーダー照射事件のような事案が起きたときに、どうしたら良かったと考えますか。それぞれの可能性について、もっともあなたの考えに近いものを1つだけ選んでください。（それぞれひとつずつ）_そう思わない
policy_*,q15_5,【日本が抑制的に対応し、韓国を非難すべきではなかった】Q15.あなたは、日本と韓国は今回のようなレーダー照射事件のような事案が起きたときに、どうしたら良かったと考えますか。それぞれの可能性について、もっともあなたの考えに近いものを1つだけ選んでください。（それぞれひとつずつ）_そう思わない
policy_*,q15_6,【日本が自衛隊の対処基準を見直してレーダー照射に対しては即座に威嚇などを行い、韓国の行為をやめさせるべきだった】Q15.あなたは、日本と韓国は今回のようなレーダー照射事件のような事案が起きたときに、どうしたら良かったと考えますか。それぞれの可能性について、もっともあなたの考えに近いものを1つだけ選んでください。（それぞれひとつずつ）_そう思わない
policy_*,q15_7,【米国政府や米軍のような第三者に調査・介入してもらい解決すべきだった】Q15.あなたは、日本と韓国は今回のようなレーダー照射事件のような事案が起きたときに、どうしたら良かったと考えますか。それぞれの可能性について、もっともあなたの考えに近いものを1つだけ選んでください。（それぞれひとつずつ）_そう思わない
policy_*,q15_8,【国連のような第三者に調査・介入してもらい解決すべきだった】Q15.あなたは、日本と韓国は今回のようなレーダー照射事件のような事案が起きたときに、どうしたら良かったと考えますか。それぞれの可能性について、もっともあなたの考えに近いものを1つだけ選んでください。（それぞれひとつずつ）_そう思わない
policy_*,q15_9,【日本が韓国側のレーダー照射についての明確な証拠を見せるべきだった】Q15.あなたは、日本と韓国は今回のようなレーダー照射事件のような事案が起きたときに、どうしたら良かったと考えますか。それぞれの可能性について、もっともあなたの考えに近いものを1つだけ選んでください。（それぞれひとつずつ）_そう思わない
status,q16,Q16.今回の事件が起きたことで、国際社会における日本国の地位はどう変化したと思いますか。（ひとつだけ）
apology_colony,q17,Q17.日本は、過去に東アジアや東南アジアの諸国に対して、植民地支配や占領統治を行いました。日本政府がそういった植民地時代や占領統治時代にとった行為について、被害を受けた国に謝罪とおわびを行うことについて、どのくらい支持をしますか。（ひとつだけ）
apology_comfort,q18,Q18.日本は、第二次世界大戦において、当時の軍の関与のもとに、従軍慰安婦として多くの女性の名誉と尊厳を深く傷つける行いをしました。日本政府がいわゆる従軍慰安婦問題について、被害者に謝罪とおわびを行うことについて、どのくらい支持をしますか。（ひとつだけ）
apology_genocide,q19,Q19.関東大震災の直後、「朝鮮人が井戸に毒を撒いた」などのデマがながされ、自警団・警察・軍人らが在日朝鮮人を虐殺する事件がありました。日本政府がこの事件について、謝罪とおわびを行うことについて、どのくらい支持をしますか。（ひとつだけ）
apology_general,q20,Q20.一般論として、日本政府が他国や他の国の人々に謝罪とおわびをすることについて、あなたは抵抗を感じますか。（ひとつだけ）
sdo_*,q21_01,【ある種の人たちは他の集団の人たちよりも良い扱いを受けるに値する】Q21.以下の文章を読んで、それぞれの主張にどれくらい同意するか、あるいは賛成するかを、１から７の数字を選んで答えてください。あまり深く考えないで、直感的に答えてください。（それぞれひとつずつ）_１　まったく同意しない／反対する
sdo_*,q21_02,【自分たちが欲しいものを手に入れるためには、他の集団に対して力をふるわなければならないこともある】Q21.以下の文章を読んで、それぞれの主張にどれくらい同意するか、あるいは賛成するかを、１から７の数字を選んで答えてください。あまり深く考えないで、直感的に答えてください。（それぞれひとつずつ）_１　まったく同意しない／反対する
sdo_*,q21_03,【ある種の人たちが他の集団と比べて人生のチャンスに恵まれているとしても、それはそれでかまわない】Q21.以下の文章を読んで、それぞれの主張にどれくらい同意するか、あるいは賛成するかを、１から７の数字を選んで答えてください。あまり深く考えないで、直感的に答えてください。（それぞれひとつずつ）_１　まったく同意しない／反対する
sdo_*,q21_04,【人生で成功するためには、時として他の集団の人たちを踏み台にすることが必要だ】Q21.以下の文章を読んで、それぞれの主張にどれくらい同意するか、あるいは賛成するかを、１から７の数字を選んで答えてください。あまり深く考えないで、直感的に答えてください。（それぞれひとつずつ）_１　まったく同意しない／反対する
sdo_*,q21_05,【ある種の人たちの集団が身のほどをわきまえていたら、世の中の色々な問題は起こらないで済むだろう】Q21.以下の文章を読んで、それぞれの主張にどれくらい同意するか、あるいは賛成するかを、１から７の数字を選んで答えてください。あまり深く考えないで、直感的に答えてください。（それぞれひとつずつ）_１　まったく同意しない／反対する
sdo_*,q21_06,【ある種の人たちが上に立って、他の集団が下にいるのは、おそらく良いことだ】Q21.以下の文章を読んで、それぞれの主張にどれくらい同意するか、あるいは賛成するかを、１から７の数字を選んで答えてください。あまり深く考えないで、直感的に答えてください。（それぞれひとつずつ）_１　まったく同意しない／反対する
sdo_*,q21_07,【劣った人たちの集団は、自分たちの立場をわきまえるべきである】Q21.以下の文章を読んで、それぞれの主張にどれくらい同意するか、あるいは賛成するかを、１から７の数字を選んで答えてください。あまり深く考えないで、直感的に答えてください。（それぞれひとつずつ）_１　まったく同意しない／反対する
sdo_*,q21_08,【他の集団の人たちを現状に押しとどめておくべき場合がある】Q21.以下の文章を読んで、それぞれの主張にどれくらい同意するか、あるいは賛成するかを、１から７の数字を選んで答えてください。あまり深く考えないで、直感的に答えてください。（それぞれひとつずつ）_１　まったく同意しない／反対する
sdo_*,q21_09,【すべての集団が平等になれたら良い】Q21.以下の文章を読んで、それぞれの主張にどれくらい同意するか、あるいは賛成するかを、１から７の数字を選んで答えてください。あまり深く考えないで、直感的に答えてください。（それぞれひとつずつ）_１　まったく同意しない／反対する
sdo_*,q21_10,【私たちは集団間の平等を理想とすべきだ】Q21.以下の文章を読んで、それぞれの主張にどれくらい同意するか、あるいは賛成するかを、１から７の数字を選んで答えてください。あまり深く考えないで、直感的に答えてください。（それぞれひとつずつ）_１　まったく同意しない／反対する
sdo_*,q21_11,【すべての人たちの集団は人生のチャンスを等しく与えられるべきだ】Q21.以下の文章を読んで、それぞれの主張にどれくらい同意するか、あるいは賛成するかを、１から７の数字を選んで答えてください。あまり深く考えないで、直感的に答えてください。（それぞれひとつずつ）_１　まったく同意しない／反対する
sdo_*,q21_12,【色々な集団が置かれた条件を等しくするために、私たちはできるだけのことをすべきである】Q21.以下の文章を読んで、それぞれの主張にどれくらい同意するか、あるいは賛成するかを、１から７の数字を選んで答えてください。あまり深く考えないで、直感的に答えてください。（それぞれひとつずつ）_１　まったく同意しない／反対する
sdo_*,q21_13,【私たちは社会的平等を目指すべきである】Q21.以下の文章を読んで、それぞれの主張にどれくらい同意するか、あるいは賛成するかを、１から７の数字を選んで答えてください。あまり深く考えないで、直感的に答えてください。（それぞれひとつずつ）_１　まったく同意しない／反対する
sdo_*,q21_14,【もし私たちが色んな集団をもっと平等に扱ってきたら、私たちの問題はもっと少なくなるだろう】Q21.以下の文章を読んで、それぞれの主張にどれくらい同意するか、あるいは賛成するかを、１から７の数字を選んで答えてください。あまり深く考えないで、直感的に答えてください。（それぞれひとつずつ）_１　まったく同意しない／反対する
sdo_*,q21_15,【私たちは収入の平等をさらに目指すべきである】Q21.以下の文章を読んで、それぞれの主張にどれくらい同意するか、あるいは賛成するかを、１から７の数字を選んで答えてください。あまり深く考えないで、直感的に答えてください。（それぞれひとつずつ）_１　まったく同意しない／反対する
sdo_*,q21_16,【どんな集団も社会において支配的地位を独占するべきではない】Q21.以下の文章を読んで、それぞれの主張にどれくらい同意するか、あるいは賛成するかを、１から７の数字を選んで答えてください。あまり深く考えないで、直感的に答えてください。（それぞれひとつずつ）_１　まったく同意しない／反対する
ideology,q32,Q32.政治に関して、ときどき、「保守、革新（＝リベラル）」という表現をすることがあります。0が「革新」を意味し 10 が「保守」を意味するとします。たとえば、ちょうど中間くらいの立場のときには5を選んでいただく尺度になっています。あなたご自身はどこに位置すると思いますか。この中の番号でお答えください。（ひとつだけ）
educ,q33,Q33.あなたが最後に卒業した（あるいは現在、在学中の）学校は、次のうちどれでしょうか。（ひとつだけ）
treat,pat,PAT.Q11A～C：パターン決定（ひとつだけ）
