var_name,item_mar,var_mar
id,NA,record_id
agree,S0.私は、この調査の趣旨を理解した上で、参加することに同意します。（ひとつだけ）,s00
age,S1.あなたは、西暦何年生まれですか。（ひとつだけ）,s01
gender,S2.あなたの性別をお答えください。（ひとつだけ）,s02
location,S3.あなたのお住まいをお答えください。（ひとつだけ）,s03
use_of_force,Q1.次の文章についてあなたは同意しますか、同意しませんか。「国際政治では国家の国益を守るために、たびたび軍事力を用いることが必要になる」（ひとつだけ）,q01
hawk_dove,Q2.あなたは、ご自身をいわゆる「タカ派」だと考えますか。または、いわゆる「ハト派」だと考えますか。ここでタカ派とは、国家安全保障のためにたびたび軍事力の行使が必要だと考える人のことを指します。ハト派とは、軍事力は決して、または、ほぼ行使してはいけないものと考える人のことを指します。（ひとつだけ）,q02
np_news,Q4.あなたは、新聞をどれくらい読みますか（インターネット記事も含む）。この中から1つだけお選びください。（ひとつだけ）,q04
status,Q16.今回の事件が起きたことで、国際社会における日本国の地位はどう変化したと思いますか。（ひとつだけ）,q16
apology_colony,Q17.日本は、過去に東アジアや東南アジアの諸国に対して、植民地支配や占領統治を行いました。日本政府がそういった植民地時代や占領統治時代にとった行為について、被害を受けた国に謝罪とおわびを行うことについて、どのくらい支持をしますか。（ひとつだけ）,q17
apology_comfort,Q18.日本は、第二次世界大戦において、当時の軍の関与のもとに、従軍慰安婦として多くの女性の名誉と尊厳を深く傷つける行いをしました。日本政府がいわゆる従軍慰安婦問題について、被害者に謝罪とおわびを行うことについて、どのくらい支持をしますか。（ひとつだけ）,q18
apology_genocide,Q19.関東大震災の直後、「朝鮮人が井戸に毒を撒いた」などのデマがながされ、自警団・警察・軍人らが在日朝鮮人を虐殺する事件がありました。日本政府がこの事件について、謝罪とおわびを行うことについて、どのくらい支持をしますか。（ひとつだけ）,q19
apology_general,Q20.一般論として、日本政府が他国や他の国の人々に謝罪とおわびをすることについて、あなたは抵抗を感じますか。（ひとつだけ）,q20
ideology,Q32.政治に関して、ときどき、「保守、革新（＝リベラル）」という表現をすることがあります。0が「革新」を意味し 10 が「保守」を意味するとします。たとえば、ちょうど中間くらいの立場のときには5を選んでいただく尺度になっています。あなたご自身はどこに位置すると思いますか。この中の番号でお答えください。（ひとつだけ）,q32
educ,Q33.あなたが最後に卒業した（あるいは現在、在学中の）学校は、次のうちどれでしょうか。（ひとつだけ）,q33
treatment,PAT.Q11A～C：パターン決定（ひとつだけ）,pat
tv_news_1,【ニュース番組（起こった出来事のみを報道する番組）】Q3.あなたはふだん、以下番組をどの程度視聴していますか。この中から1つずつお選びください。（それぞれひとつずつ）_毎日または、ほぼ毎日,q03_1
tv_news_2,【ニュースショー（キャスターやゲスト出演者によるコメントを含む番組）】Q3.あなたはふだん、以下番組をどの程度視聴していますか。この中から1つずつお選びください。（それぞれひとつずつ）_毎日または、ほぼ毎日,q03_2
tv_news_3,【ワイドショー（話題のニュースや、芸能人の動向などについての情報を提供する番組）】Q3.あなたはふだん、以下番組をどの程度視聴していますか。この中から1つずつお選びください。（それぞれひとつずつ）_毎日または、ほぼ毎日,q03_3
web_news_1,【ポータルサイト（Yahoo!等）で政治ニュースを見る】Q5.あなたはふだん、以下のことをどの程度していますか。この中から1つずつお選びください。（それぞれひとつずつ）_毎日または、ほぼ毎日,q05_1
web_news_2,【ソーシャルネットワークサービス(SNS)や電子掲示板などの政治関係の投稿を読む】Q5.あなたはふだん、以下のことをどの程度していますか。この中から1つずつお選びください。（それぞれひとつずつ）_毎日または、ほぼ毎日,q05_2
web_news_3,【ソーシャルネットワークサービス(SNS)や電子掲示板などで政治について発言する】Q5.あなたはふだん、以下のことをどの程度していますか。この中から1つずつお選びください。（それぞれひとつずつ）_毎日または、ほぼ毎日,q05_3
np_1,Q6.あなたがふだん、政治についての情報を見たり聞いたりする新聞はどれですか。あてはまるものをすべて選択してください。（いくつでも）_朝日新聞,q06_1
np_2,Q6.あなたがふだん、政治についての情報を見たり聞いたりする新聞はどれですか。あてはまるものをすべて選択してください。（いくつでも）_読売新聞,q06_2
np_3,Q6.あなたがふだん、政治についての情報を見たり聞いたりする新聞はどれですか。あてはまるものをすべて選択してください。（いくつでも）_毎日新聞,q06_3
np_4,Q6.あなたがふだん、政治についての情報を見たり聞いたりする新聞はどれですか。あてはまるものをすべて選択してください。（いくつでも）_日本経済新聞,q06_4
np_5,Q6.あなたがふだん、政治についての情報を見たり聞いたりする新聞はどれですか。あてはまるものをすべて選択してください。（いくつでも）_産経新聞,q06_5
np_6,Q6.あなたがふだん、政治についての情報を見たり聞いたりする新聞はどれですか。あてはまるものをすべて選択してください。（いくつでも）_東京新聞・中日新聞・北海道新聞・河北新報・北陸中日新聞・京都新聞・神戸新聞・中国新聞・西日本新聞などの地方新聞,q06_6
np_7,Q6.あなたがふだん、政治についての情報を見たり聞いたりする新聞はどれですか。あてはまるものをすべて選択してください。（いくつでも）_その他の新聞,q06_7
np_8,Q6.あなたがふだん、政治についての情報を見たり聞いたりする新聞はどれですか。あてはまるものをすべて選択してください。（いくつでも）_新聞は読んでいない,q06_8
tv_A_1,Q7.あなたがふだん、政治についての情報を見たり聞いたりするテレビ番組はどれですか。あてはまるものをすべて選択してください。（いくつでも）_おはよう日本,q07_01
tv_A_2,Q7.あなたがふだん、政治についての情報を見たり聞いたりするテレビ番組はどれですか。あてはまるものをすべて選択してください。（いくつでも）_ZIP！,q07_02
tv_A_3,Q7.あなたがふだん、政治についての情報を見たり聞いたりするテレビ番組はどれですか。あてはまるものをすべて選択してください。（いくつでも）_グッド！モーニング,q07_03
tv_A_4,Q7.あなたがふだん、政治についての情報を見たり聞いたりするテレビ番組はどれですか。あてはまるものをすべて選択してください。（いくつでも）_あさチャン！,q07_04
tv_A_5,Q7.あなたがふだん、政治についての情報を見たり聞いたりするテレビ番組はどれですか。あてはまるものをすべて選択してください。（いくつでも）_Newsモーニングサテライト,q07_05
tv_A_6,Q7.あなたがふだん、政治についての情報を見たり聞いたりするテレビ番組はどれですか。あてはまるものをすべて選択してください。（いくつでも）_めざましテレビ,q07_06
tv_A_7,Q7.あなたがふだん、政治についての情報を見たり聞いたりするテレビ番組はどれですか。あてはまるものをすべて選択してください。（いくつでも）_スッキリ,q07_07
tv_A_8,Q7.あなたがふだん、政治についての情報を見たり聞いたりするテレビ番組はどれですか。あてはまるものをすべて選択してください。（いくつでも）_モーニングショー,q07_08
tv_A_9,Q7.あなたがふだん、政治についての情報を見たり聞いたりするテレビ番組はどれですか。あてはまるものをすべて選択してください。（いくつでも）_とくダネ！,q07_09
tv_A_10,Q7.あなたがふだん、政治についての情報を見たり聞いたりするテレビ番組はどれですか。あてはまるものをすべて選択してください。（いくつでも）_あさイチ,q07_10
tv_A_11,Q7.あなたがふだん、政治についての情報を見たり聞いたりするテレビ番組はどれですか。あてはまるものをすべて選択してください。（いくつでも）_白熱ライブ ビビット,q07_11
tv_A_12,Q7.あなたがふだん、政治についての情報を見たり聞いたりするテレビ番組はどれですか。あてはまるものをすべて選択してください。（いくつでも）_ノンストップ！,q07_12
tv_A_13,Q7.あなたがふだん、政治についての情報を見たり聞いたりするテレビ番組はどれですか。あてはまるものをすべて選択してください。（いくつでも）_NNNストレイトニュース,q07_13
tv_A_14,Q7.あなたがふだん、政治についての情報を見たり聞いたりするテレビ番組はどれですか。あてはまるものをすべて選択してください。（いくつでも）_ワイド！スクランブル,q07_14
tv_A_15,Q7.あなたがふだん、政治についての情報を見たり聞いたりするテレビ番組はどれですか。あてはまるものをすべて選択してください。（いくつでも）_その他,q07_15
tv_A_16,Q7.あなたがふだん、政治についての情報を見たり聞いたりするテレビ番組はどれですか。あてはまるものをすべて選択してください。（いくつでも）_平日午前の番組は見聞きしていない,q07_16
tv_B_1,Q8.あなたがふだん、政治についての情報を見たり聞いたりするテレビ番組はどれですか。あてはまるものをすべて選択してください。（いくつでも）_ヒルナンデス！,q08_01
tv_B_2,Q8.あなたがふだん、政治についての情報を見たり聞いたりするテレビ番組はどれですか。あてはまるものをすべて選択してください。（いくつでも）_バイキング,q08_02
tv_B_3,Q8.あなたがふだん、政治についての情報を見たり聞いたりするテレビ番組はどれですか。あてはまるものをすべて選択してください。（いくつでも）_ひるおび！,q08_03
tv_B_4,Q8.あなたがふだん、政治についての情報を見たり聞いたりするテレビ番組はどれですか。あてはまるものをすべて選択してください。（いくつでも）_情報ライブ ミヤネ屋,q08_04
tv_B_5,Q8.あなたがふだん、政治についての情報を見たり聞いたりするテレビ番組はどれですか。あてはまるものをすべて選択してください。（いくつでも）_直撃LIVE グッディ！,q08_05
tv_B_6,Q8.あなたがふだん、政治についての情報を見たり聞いたりするテレビ番組はどれですか。あてはまるものをすべて選択してください。（いくつでも）_news　every.,q08_06
tv_B_7,Q8.あなたがふだん、政治についての情報を見たり聞いたりするテレビ番組はどれですか。あてはまるものをすべて選択してください。（いくつでも）_スーパーＪチャンネル,q08_07
tv_B_8,Q8.あなたがふだん、政治についての情報を見たり聞いたりするテレビ番組はどれですか。あてはまるものをすべて選択してください。（いくつでも）_Nスタ,q08_08
tv_B_9,Q8.あなたがふだん、政治についての情報を見たり聞いたりするテレビ番組はどれですか。あてはまるものをすべて選択してください。（いくつでも）_ゆうがたサテライト,q08_09
tv_B_10,Q8.あなたがふだん、政治についての情報を見たり聞いたりするテレビ番組はどれですか。あてはまるものをすべて選択してください。（いくつでも）_みんなのニュース,q08_10
tv_B_11,Q8.あなたがふだん、政治についての情報を見たり聞いたりするテレビ番組はどれですか。あてはまるものをすべて選択してください。（いくつでも）_その他,q08_11
tv_B_12,Q8.あなたがふだん、政治についての情報を見たり聞いたりするテレビ番組はどれですか。あてはまるものをすべて選択してください。（いくつでも）_平日昼・夕方の番組は見聞きしていない,q08_12
tv_C_1,Q9.あなたがふだん、政治についての情報を見たり聞いたりするテレビ番組はどれですか。あてはまるものをすべて選択してください。（いくつでも）_NHKニュース7,q09_01
tv_C_2,Q9.あなたがふだん、政治についての情報を見たり聞いたりするテレビ番組はどれですか。あてはまるものをすべて選択してください。（いくつでも）_クローズアップ現代＋,q09_02
tv_C_3,Q9.あなたがふだん、政治についての情報を見たり聞いたりするテレビ番組はどれですか。あてはまるものをすべて選択してください。（いくつでも）_ニュースウォッチ9,q09_03
tv_C_4,Q9.あなたがふだん、政治についての情報を見たり聞いたりするテレビ番組はどれですか。あてはまるものをすべて選択してください。（いくつでも）_報道ステーション,q09_04
tv_C_5,Q9.あなたがふだん、政治についての情報を見たり聞いたりするテレビ番組はどれですか。あてはまるものをすべて選択してください。（いくつでも）_NEWS ZERO,q09_05
tv_C_6,Q9.あなたがふだん、政治についての情報を見たり聞いたりするテレビ番組はどれですか。あてはまるものをすべて選択してください。（いくつでも）_NEWS 23,q09_06
tv_C_7,Q9.あなたがふだん、政治についての情報を見たり聞いたりするテレビ番組はどれですか。あてはまるものをすべて選択してください。（いくつでも）_ワールドビジネスサテライト,q09_07
tv_C_8,Q9.あなたがふだん、政治についての情報を見たり聞いたりするテレビ番組はどれですか。あてはまるものをすべて選択してください。（いくつでも）_FNNプライムニュース α,q09_08
tv_C_9,Q9.あなたがふだん、政治についての情報を見たり聞いたりするテレビ番組はどれですか。あてはまるものをすべて選択してください。（いくつでも）_その他,q09_09
tv_C_10,Q9.あなたがふだん、政治についての情報を見たり聞いたりするテレビ番組はどれですか。あてはまるものをすべて選択してください。（いくつでも）_平日夜の番組は見聞きしていない,q09_10
tv_D_1,Q10.あなたがふだん、政治についての情報を見たり聞いたりするテレビ番組はどれですか。あてはまるものをすべて選択してください。（いくつでも）_上田晋也のサタデージャーナル,q10_01
tv_D_2,Q10.あなたがふだん、政治についての情報を見たり聞いたりするテレビ番組はどれですか。あてはまるものをすべて選択してください。（いくつでも）_めざましどようび,q10_02
tv_D_3,Q10.あなたがふだん、政治についての情報を見たり聞いたりするテレビ番組はどれですか。あてはまるものをすべて選択してください。（いくつでも）_ウェークアップ！ぷらす,q10_03
tv_D_5,Q10.あなたがふだん、政治についての情報を見たり聞いたりするテレビ番組はどれですか。あてはまるものをすべて選択してください。（いくつでも）_サタデープラス,q10_04
tv_D_6,Q10.あなたがふだん、政治についての情報を見たり聞いたりするテレビ番組はどれですか。あてはまるものをすべて選択してください。（いくつでも）_TXNニュース,q10_05
tv_D_7,Q10.あなたがふだん、政治についての情報を見たり聞いたりするテレビ番組はどれですか。あてはまるものをすべて選択してください。（いくつでも）_報道特集,q10_06
tv_D_8,Q10.あなたがふだん、政治についての情報を見たり聞いたりするテレビ番組はどれですか。あてはまるものをすべて選択してください。（いくつでも）_情報7daysニュースキャスター,q10_07
tv_D_9,Q10.あなたがふだん、政治についての情報を見たり聞いたりするテレビ番組はどれですか。あてはまるものをすべて選択してください。（いくつでも）_新報道2001,q10_08
tv_D_11,Q10.あなたがふだん、政治についての情報を見たり聞いたりするテレビ番組はどれですか。あてはまるものをすべて選択してください。（いくつでも）_シューイチ,q10_09
tv_D_12,Q10.あなたがふだん、政治についての情報を見たり聞いたりするテレビ番組はどれですか。あてはまるものをすべて選択してください。（いくつでも）_サンデーモーニング,q10_10
tv_D_13,Q10.あなたがふだん、政治についての情報を見たり聞いたりするテレビ番組はどれですか。あてはまるものをすべて選択してください。（いくつでも）_日曜討論,q10_11
tv_D_14,Q10.あなたがふだん、政治についての情報を見たり聞いたりするテレビ番組はどれですか。あてはまるものをすべて選択してください。（いくつでも）_スーパーＪチャンネル,q10_12
tv_D_15,Q10.あなたがふだん、政治についての情報を見たり聞いたりするテレビ番組はどれですか。あてはまるものをすべて選択してください。（いくつでも）_サンデーLIVE!!,q10_13
tv_D_16,Q10.あなたがふだん、政治についての情報を見たり聞いたりするテレビ番組はどれですか。あてはまるものをすべて選択してください。（いくつでも）_サンデージャポン,q10_14
tv_D_20,Q10.あなたがふだん、政治についての情報を見たり聞いたりするテレビ番組はどれですか。あてはまるものをすべて選択してください。（いくつでも）_ワイドナショー,q10_15
tv_D_17,Q10.あなたがふだん、政治についての情報を見たり聞いたりするテレビ番組はどれですか。あてはまるものをすべて選択してください。（いくつでも）_真相報道バンキシャ！,q10_16
tv_D_18,Q10.あなたがふだん、政治についての情報を見たり聞いたりするテレビ番組はどれですか。あてはまるものをすべて選択してください。（いくつでも）_Mr.サンデー,q10_17
tv_D_19,Q10.あなたがふだん、政治についての情報を見たり聞いたりするテレビ番組はどれですか。あてはまるものをすべて選択してください。（いくつでも）_みんなのニュースWeekend,q10_18
tv_D_21,Q10.あなたがふだん、政治についての情報を見たり聞いたりするテレビ番組はどれですか。あてはまるものをすべて選択してください。（いくつでも）_その他,q10_19
tv_D_22,Q10.あなたがふだん、政治についての情報を見たり聞いたりするテレビ番組はどれですか。あてはまるものをすべて選択してください。（いくつでも）_土日の番組は見聞きしていない,q10_20
responsibility_1,【自衛隊】Q11.以下のそれぞれの組織について、今回のレーダー照射事件が大きな問題となったことの責任はどの程度あると思いますか。（それぞれひとつずつ）_責任がない,q11_1
responsibility_2,【韓国軍】Q11.以下のそれぞれの組織について、今回のレーダー照射事件が大きな問題となったことの責任はどの程度あると思いますか。（それぞれひとつずつ）_責任がない,q11_2
responsibility_3,【日本政府】Q11.以下のそれぞれの組織について、今回のレーダー照射事件が大きな問題となったことの責任はどの程度あると思いますか。（それぞれひとつずつ）_責任がない,q11_3
responsibility_4,【韓国政府】Q11.以下のそれぞれの組織について、今回のレーダー照射事件が大きな問題となったことの責任はどの程度あると思いますか。（それぞれひとつずつ）_責任がない,q11_4
fact_1,【韓国の艦艇は火器管制レーダーを照射した】Q12.あなたは、今回の事件に関わる以下の項目について事実だと考えますか。あてはまるものを選んでください。（それぞれひとつずつ）_事実である,q12_01
fact_2,【韓国の艦艇は北朝鮮の船舶を探索中であった】Q12.あなたは、今回の事件に関わる以下の項目について事実だと考えますか。あてはまるものを選んでください。（それぞれひとつずつ）_事実である,q12_02
fact_3,【日本政府は韓国側に再発防止を強く要請した】Q12.あなたは、今回の事件に関わる以下の項目について事実だと考えますか。あてはまるものを選んでください。（それぞれひとつずつ）_事実である,q12_03
fact_4,【レーダーは一定時間継続して複数回照射された】Q12.あなたは、今回の事件に関わる以下の項目について事実だと考えますか。あてはまるものを選んでください。（それぞれひとつずつ）_事実である,q12_04
fact_5,【海上自衛隊機は韓国艦艇の上空を低空で飛行していた】Q12.あなたは、今回の事件に関わる以下の項目について事実だと考えますか。あてはまるものを選んでください。（それぞれひとつずつ）_事実である,q12_05
fact_6,【海上自衛隊機は韓国艦艇に無線で呼びかけた】Q12.あなたは、今回の事件に関わる以下の項目について事実だと考えますか。あてはまるものを選んでください。（それぞれひとつずつ）_事実である,q12_06
fact_7,【この事件は日本の排他的経済水域内で起こった】Q12.あなたは、今回の事件に関わる以下の項目について事実だと考えますか。あてはまるものを選んでください。（それぞれひとつずつ）_事実である,q12_07
fact_8,【レーダーの照射は射撃を前提とする行為であった】Q12.あなたは、今回の事件に関わる以下の項目について事実だと考えますか。あてはまるものを選んでください。（それぞれひとつずつ）_事実である,q12_08
fact_9,【海上自衛隊機による国際法違反があった】Q12.あなたは、今回の事件に関わる以下の項目について事実だと考えますか。あてはまるものを選んでください。（それぞれひとつずつ）_事実である,q12_09
fact_10,【この事件は韓国の領海内で起こった】Q12.あなたは、今回の事件に関わる以下の項目について事実だと考えますか。あてはまるものを選んでください。（それぞれひとつずつ）_事実である,q12_10
fact_11,【日本政府は韓国側に謝罪を要求した】Q12.あなたは、今回の事件に関わる以下の項目について事実だと考えますか。あてはまるものを選んでください。（それぞれひとつずつ）_事実である,q12_11
jpn_gov_1,【海上自衛隊機の行動を支持する】Q13.今回の事件における日本側の対応について、あなたの意見にもっとも近いものを1つずつ選んでください。（それぞれひとつずつ）_同意しない,q13_1
jpn_gov_2,【防衛省による韓国政府への抗議を支持する】Q13.今回の事件における日本側の対応について、あなたの意見にもっとも近いものを1つずつ選んでください。（それぞれひとつずつ）_同意しない,q13_2
jpn_gov_3,【この事件を公開することにした安倍首相には、政治的な意図を感じる】Q13.今回の事件における日本側の対応について、あなたの意見にもっとも近いものを1つずつ選んでください。（それぞれひとつずつ）_同意しない,q13_3
jpn_gov_4,【海上自衛隊機の行動には正当性がある】Q13.今回の事件における日本側の対応について、あなたの意見にもっとも近いものを1つずつ選んでください。（それぞれひとつずつ）_同意しない,q13_4
jpn_gov_5,【日本政府は何かを隠している】Q13.今回の事件における日本側の対応について、あなたの意見にもっとも近いものを1つずつ選んでください。（それぞれひとつずつ）_同意しない,q13_5
rok_gov_1,【韓国海軍艦艇の行動を支持する】Q14.今回の事件における韓国側の対応について、あなたの意見にもっとも近いものを1つずつ選んでください。（それぞれひとつずつ）_同意しない,q14_1
rok_gov_2,【韓国国防省の「誤解がないよう十分に説明したい」という声明を支持する】Q14.今回の事件における韓国側の対応について、あなたの意見にもっとも近いものを1つずつ選んでください。（それぞれひとつずつ）_同意しない,q14_2
rok_gov_3,【この事件の韓国側の対応には、文大統領の政治的な意図を感じる】Q14.今回の事件における韓国側の対応について、あなたの意見にもっとも近いものを1つずつ選んでください。（それぞれひとつずつ）_同意しない,q14_3
rok_gov_4,【韓国海軍艦艇の行動には正当性がある】Q14.今回の事件における韓国側の対応について、あなたの意見にもっとも近いものを1つずつ選んでください。（それぞれひとつずつ）_同意しない,q14_4
rok_gov_5,【韓国政府は何かを隠している】Q14.今回の事件における韓国側の対応について、あなたの意見にもっとも近いものを1つずつ選んでください。（それぞれひとつずつ）_同意しない,q14_5
policy_1,【必ずしも国民に公開せずに外交当局の間で解決すべきだった】Q15.あなたは、日本と韓国は今回のようなレーダー照射事件のような事案が起きたときに、どうしたら良かったと考えますか。それぞれの可能性について、もっともあなたの考えに近いものを1つだけ選んでください。（それぞれひとつずつ）_そう思わない,q15_1
policy_2,【必ずしも国民に公開せずに自衛隊と韓国軍の間で解決すべきだった】Q15.あなたは、日本と韓国は今回のようなレーダー照射事件のような事案が起きたときに、どうしたら良かったと考えますか。それぞれの可能性について、もっともあなたの考えに近いものを1つだけ選んでください。（それぞれひとつずつ）_そう思わない,q15_2
policy_3,【首脳間の話し合いで解決すべきだった】Q15.あなたは、日本と韓国は今回のようなレーダー照射事件のような事案が起きたときに、どうしたら良かったと考えますか。それぞれの可能性について、もっともあなたの考えに近いものを1つだけ選んでください。（それぞれひとつずつ）_そう思わない,q15_3
policy_4,【韓国が誤りを認めて謝罪すべきだった】Q15.あなたは、日本と韓国は今回のようなレーダー照射事件のような事案が起きたときに、どうしたら良かったと考えますか。それぞれの可能性について、もっともあなたの考えに近いものを1つだけ選んでください。（それぞれひとつずつ）_そう思わない,q15_4
policy_5,【日本が抑制的に対応し、韓国を非難すべきではなかった】Q15.あなたは、日本と韓国は今回のようなレーダー照射事件のような事案が起きたときに、どうしたら良かったと考えますか。それぞれの可能性について、もっともあなたの考えに近いものを1つだけ選んでください。（それぞれひとつずつ）_そう思わない,q15_5
policy_6,【日本が自衛隊の対処基準を見直してレーダー照射に対しては即座に威嚇などを行い、韓国の行為をやめさせるべきだった】Q15.あなたは、日本と韓国は今回のようなレーダー照射事件のような事案が起きたときに、どうしたら良かったと考えますか。それぞれの可能性について、もっともあなたの考えに近いものを1つだけ選んでください。（それぞれひとつずつ）_そう思わない,q15_6
policy_7,【米国政府や米軍のような第三者に調査・介入してもらい解決すべきだった】Q15.あなたは、日本と韓国は今回のようなレーダー照射事件のような事案が起きたときに、どうしたら良かったと考えますか。それぞれの可能性について、もっともあなたの考えに近いものを1つだけ選んでください。（それぞれひとつずつ）_そう思わない,q15_7
policy_8,【国連のような第三者に調査・介入してもらい解決すべきだった】Q15.あなたは、日本と韓国は今回のようなレーダー照射事件のような事案が起きたときに、どうしたら良かったと考えますか。それぞれの可能性について、もっともあなたの考えに近いものを1つだけ選んでください。（それぞれひとつずつ）_そう思わない,q15_8
policy_9,【日本が韓国側のレーダー照射についての明確な証拠を見せるべきだった】Q15.あなたは、日本と韓国は今回のようなレーダー照射事件のような事案が起きたときに、どうしたら良かったと考えますか。それぞれの可能性について、もっともあなたの考えに近いものを1つだけ選んでください。（それぞれひとつずつ）_そう思わない,q15_9
sdo_1,【ある種の人たちは他の集団の人たちよりも良い扱いを受けるに値する】Q21.以下の文章を読んで、それぞれの主張にどれくらい同意するか、あるいは賛成するかを、１から７の数字を選んで答えてください。あまり深く考えないで、直感的に答えてください。（それぞれひとつずつ）_１　まったく同意しない／反対する,q21_01
sdo_2,【自分たちが欲しいものを手に入れるためには、他の集団に対して力をふるわなければならないこともある】Q21.以下の文章を読んで、それぞれの主張にどれくらい同意するか、あるいは賛成するかを、１から７の数字を選んで答えてください。あまり深く考えないで、直感的に答えてください。（それぞれひとつずつ）_１　まったく同意しない／反対する,q21_02
sdo_3,【ある種の人たちが他の集団と比べて人生のチャンスに恵まれているとしても、それはそれでかまわない】Q21.以下の文章を読んで、それぞれの主張にどれくらい同意するか、あるいは賛成するかを、１から７の数字を選んで答えてください。あまり深く考えないで、直感的に答えてください。（それぞれひとつずつ）_１　まったく同意しない／反対する,q21_03
sdo_4,【人生で成功するためには、時として他の集団の人たちを踏み台にすることが必要だ】Q21.以下の文章を読んで、それぞれの主張にどれくらい同意するか、あるいは賛成するかを、１から７の数字を選んで答えてください。あまり深く考えないで、直感的に答えてください。（それぞれひとつずつ）_１　まったく同意しない／反対する,q21_04
sdo_5,【ある種の人たちの集団が身のほどをわきまえていたら、世の中の色々な問題は起こらないで済むだろう】Q21.以下の文章を読んで、それぞれの主張にどれくらい同意するか、あるいは賛成するかを、１から７の数字を選んで答えてください。あまり深く考えないで、直感的に答えてください。（それぞれひとつずつ）_１　まったく同意しない／反対する,q21_05
sdo_6,【ある種の人たちが上に立って、他の集団が下にいるのは、おそらく良いことだ】Q21.以下の文章を読んで、それぞれの主張にどれくらい同意するか、あるいは賛成するかを、１から７の数字を選んで答えてください。あまり深く考えないで、直感的に答えてください。（それぞれひとつずつ）_１　まったく同意しない／反対する,q21_06
sdo_7,【劣った人たちの集団は、自分たちの立場をわきまえるべきである】Q21.以下の文章を読んで、それぞれの主張にどれくらい同意するか、あるいは賛成するかを、１から７の数字を選んで答えてください。あまり深く考えないで、直感的に答えてください。（それぞれひとつずつ）_１　まったく同意しない／反対する,q21_07
sdo_8,【他の集団の人たちを現状に押しとどめておくべき場合がある】Q21.以下の文章を読んで、それぞれの主張にどれくらい同意するか、あるいは賛成するかを、１から７の数字を選んで答えてください。あまり深く考えないで、直感的に答えてください。（それぞれひとつずつ）_１　まったく同意しない／反対する,q21_08
sdo_9,【すべての集団が平等になれたら良い】Q21.以下の文章を読んで、それぞれの主張にどれくらい同意するか、あるいは賛成するかを、１から７の数字を選んで答えてください。あまり深く考えないで、直感的に答えてください。（それぞれひとつずつ）_１　まったく同意しない／反対する,q21_09
sdo_10,【私たちは集団間の平等を理想とすべきだ】Q21.以下の文章を読んで、それぞれの主張にどれくらい同意するか、あるいは賛成するかを、１から７の数字を選んで答えてください。あまり深く考えないで、直感的に答えてください。（それぞれひとつずつ）_１　まったく同意しない／反対する,q21_10
sdo_11,【すべての人たちの集団は人生のチャンスを等しく与えられるべきだ】Q21.以下の文章を読んで、それぞれの主張にどれくらい同意するか、あるいは賛成するかを、１から７の数字を選んで答えてください。あまり深く考えないで、直感的に答えてください。（それぞれひとつずつ）_１　まったく同意しない／反対する,q21_11
sdo_12,【色々な集団が置かれた条件を等しくするために、私たちはできるだけのことをすべきである】Q21.以下の文章を読んで、それぞれの主張にどれくらい同意するか、あるいは賛成するかを、１から７の数字を選んで答えてください。あまり深く考えないで、直感的に答えてください。（それぞれひとつずつ）_１　まったく同意しない／反対する,q21_12
sdo_13,【私たちは社会的平等を目指すべきである】Q21.以下の文章を読んで、それぞれの主張にどれくらい同意するか、あるいは賛成するかを、１から７の数字を選んで答えてください。あまり深く考えないで、直感的に答えてください。（それぞれひとつずつ）_１　まったく同意しない／反対する,q21_13
sdo_14,【もし私たちが色んな集団をもっと平等に扱ってきたら、私たちの問題はもっと少なくなるだろう】Q21.以下の文章を読んで、それぞれの主張にどれくらい同意するか、あるいは賛成するかを、１から７の数字を選んで答えてください。あまり深く考えないで、直感的に答えてください。（それぞれひとつずつ）_１　まったく同意しない／反対する,q21_14
sdo_15,【私たちは収入の平等をさらに目指すべきである】Q21.以下の文章を読んで、それぞれの主張にどれくらい同意するか、あるいは賛成するかを、１から７の数字を選んで答えてください。あまり深く考えないで、直感的に答えてください。（それぞれひとつずつ）_１　まったく同意しない／反対する,q21_15
sdo_16,【どんな集団も社会において支配的地位を独占するべきではない】Q21.以下の文章を読んで、それぞれの主張にどれくらい同意するか、あるいは賛成するかを、１から７の数字を選んで答えてください。あまり深く考えないで、直感的に答えてください。（それぞれひとつずつ）_１　まったく同意しない／反対する,q21_16
